,subject,trial_index,feature,word_question,user_answer,is_right,feature_appear,feature_disappear,question_appear,answer_time
0,101,0,red,yellow,left,TRUE,2026-04-05_11-56-16.479,2026-04-05_11-56-18.000,2026-04-05_11-56-19.562,2026-04-05_11-56-20.473
1,101,1,red,red,right,TRUE,2026-04-05_11-56-24.238,2026-04-05_11-56-25.757,2026-04-05_11-56-27.140,2026-04-05_11-56-27.664
2,101,2,kitchen,kitchen,right,TRUE,2026-04-05_11-56-33.223,2026-04-05_11-56-34.742,2026-04-05_11-56-36.497,2026-04-05_11-56-37.128
3,101,3,living_room,bathroom,left,TRUE,2026-04-05_11-56-40.486,2026-04-05_11-56-42.008,2026-04-05_11-56-43.791,2026-04-05_11-56-44.640
4,101,4,red,red,right,TRUE,2026-04-05_11-56-49.731,2026-04-05_11-56-51.249,2026-04-05_11-56-53.182,2026-04-05_11-56-53.705
5,101,5,yellow,yellow,right,TRUE,2026-04-05_11-56-58.676,2026-04-05_11-57-00.193,2026-04-05_11-57-02.115,2026-04-05_11-57-03.105
6,101,6,yellow,yellow,right,TRUE,2026-04-05_11-57-08.930,2026-04-05_11-57-10.449,2026-04-05_11-57-11.819,2026-04-05_11-57-12.361
7,101,7,green,green,right,TRUE,2026-04-05_11-57-15.995,2026-04-05_11-57-17.518,2026-04-05_11-57-18.946,2026-04-05_11-57-19.617
8,101,8,green,red,left,TRUE,2026-04-05_11-57-24.329,2026-04-05_11-57-25.849,2026-04-05_11-57-27.631,2026-04-05_11-57-28.105
9,101,9,kitchen,kitchen,right,TRUE,2026-04-05_11-57-33.243,2026-04-05_11-57-34.767,2026-04-05_11-57-36.696,2026-04-05_11-57-37.881
10,101,10,yellow,yellow,right,TRUE,2026-04-05_11-57-43.065,2026-04-05_11-57-44.583,2026-04-05_11-57-45.844,2026-04-05_11-57-46.633
11,101,11,green,red,left,TRUE,2026-04-05_11-57-50.899,2026-04-05_11-57-52.417,2026-04-05_11-57-53.590,2026-04-05_11-57-54.249
12,101,12,bathroom,bathroom,right,TRUE,2026-04-05_11-57-59.353,2026-04-05_11-58-00.875,2026-04-05_11-58-01.956,2026-04-05_11-58-02.760
13,101,13,bathroom,bathroom,right,TRUE,2026-04-05_11-58-06.735,2026-04-05_11-58-08.258,2026-04-05_11-58-09.957,2026-04-05_11-58-10.505
14,101,14,red,red,right,TRUE,2026-04-05_11-58-15.136,2026-04-05_11-58-16.658,2026-04-05_11-58-17.771,2026-04-05_11-58-18.416
15,101,15,red,yellow,left,TRUE,2026-04-05_11-58-23.038,2026-04-05_11-58-24.559,2026-04-05_11-58-25.689,2026-04-05_11-58-26.440
16,101,16,green,green,right,TRUE,2026-04-05_11-58-31.742,2026-04-05_11-58-33.259,2026-04-05_11-58-35.221,2026-04-05_11-58-35.817
17,101,17,red,red,right,TRUE,2026-04-05_11-58-40.549,2026-04-05_11-58-42.066,2026-04-05_11-58-43.398,2026-04-05_11-58-43.897
18,101,18,yellow,yellow,right,TRUE,2026-04-05_11-58-48.327,2026-04-05_11-58-49.851,2026-04-05_11-58-51.388,2026-04-05_11-58-51.897
19,101,19,red,red,right,TRUE,2026-04-05_11-58-56.893,2026-04-05_11-58-58.417,2026-04-05_11-58-59.619,2026-04-05_11-59-00.321
20,101,20,yellow,yellow,right,TRUE,2026-04-05_11-59-04.643,2026-04-05_11-59-06.167,2026-04-05_11-59-08.069,2026-04-05_11-59-08.689
21,101,21,kitchen,living_room,left,TRUE,2026-04-05_11-59-13.527,2026-04-05_11-59-15.050,2026-04-05_11-59-16.753,2026-04-05_11-59-17.425
22,101,22,kitchen,living_room,left,TRUE,2026-04-05_11-59-21.223,2026-04-05_11-59-22.742,2026-04-05_11-59-23.828,2026-04-05_11-59-24.736
23,101,23,red,yellow,left,TRUE,2026-04-05_11-59-30.129,2026-04-05_11-59-31.651,2026-04-05_11-59-33.371,2026-04-05_11-59-34.025
24,101,24,kitchen,bathroom,left,TRUE,2026-04-05_11-59-39.257,2026-04-05_11-59-40.785,2026-04-05_11-59-42.798,2026-04-05_11-59-43.409
25,101,25,kitchen,living_room,left,TRUE,2026-04-05_11-59-47.099,2026-04-05_11-59-48.616,2026-04-05_11-59-50.515,2026-04-05_11-59-51.288
26,101,26,red,red,right,TRUE,2026-04-05_11-59-56.073,2026-04-05_11-59-57.593,2026-04-05_11-59-59.579,2026-04-05_12-00-00.136
27,101,27,living_room,living_room,right,TRUE,2026-04-05_12-00-04.913,2026-04-05_12-00-06.433,2026-04-05_12-00-08.372,2026-04-05_12-00-09.416
28,101,28,kitchen,kitchen,right,TRUE,2026-04-05_12-00-13.345,2026-04-05_12-00-14.867,2026-04-05_12-00-16.328,2026-04-05_12-00-16.872
29,101,29,yellow,yellow,right,TRUE,2026-04-05_12-00-20.592,2026-04-05_12-00-22.117,2026-04-05_12-00-23.952,2026-04-05_12-00-24.801
30,101,30,red,red,right,TRUE,2026-04-05_12-00-28.937,2026-04-05_12-00-30.457,2026-04-05_12-00-32.034,2026-04-05_12-00-32.512
31,101,31,bathroom,living_room,left,TRUE,2026-04-05_12-00-36.248,2026-04-05_12-00-37.768,2026-04-05_12-00-39.554,2026-04-05_12-00-40.272
32,101,32,bathroom,bathroom,right,TRUE,2026-04-05_12-00-44.851,2026-04-05_12-00-46.375,2026-04-05_12-00-47.545,2026-04-05_12-00-48.297
33,101,33,kitchen,kitchen,right,TRUE,2026-04-05_12-00-54.013,2026-04-05_12-00-55.534,2026-04-05_12-00-57.389,2026-04-05_12-00-57.864
34,101,34,yellow,yellow,right,TRUE,2026-04-05_12-01-02.802,2026-04-05_12-01-04.325,2026-04-05_12-01-05.943,2026-04-05_12-01-06.401
35,101,35,living_room,kitchen,left,TRUE,2026-04-05_12-01-10.986,2026-04-05_12-01-12.509,2026-04-05_12-01-13.952,2026-04-05_12-01-15.216
36,101,36,yellow,yellow,right,TRUE,2026-04-05_12-01-20.381,2026-04-05_12-01-21.900,2026-04-05_12-01-23.030,2026-04-05_12-01-23.600
37,101,37,red,yellow,left,TRUE,2026-04-05_12-01-27.709,2026-04-05_12-01-29.234,2026-04-05_12-01-30.739,2026-04-05_12-01-31.456
38,101,38,green,green,right,TRUE,2026-04-05_12-01-36.742,2026-04-05_12-01-38.258,2026-04-05_12-01-40.041,2026-04-05_12-01-40.481
39,101,39,yellow,yellow,right,TRUE,2026-04-05_12-01-44.744,2026-04-05_12-01-46.267,2026-04-05_12-01-48.110,2026-04-05_12-01-48.656
40,101,40,yellow,red,left,TRUE,2026-04-05_12-01-53.552,2026-04-05_12-01-55.075,2026-04-05_12-01-56.421,2026-04-05_12-01-57.136
41,101,41,green,red,left,TRUE,2026-04-05_12-02-01.730,2026-04-05_12-02-03.251,2026-04-05_12-02-04.808,2026-04-05_12-02-05.584
42,101,42,green,green,right,TRUE,2026-04-05_12-02-10.257,2026-04-05_12-02-11.774,2026-04-05_12-02-13.026,2026-04-05_12-02-13.720
43,101,43,bathroom,kitchen,left,TRUE,2026-04-05_12-02-17.941,2026-04-05_12-02-19.467,2026-04-05_12-02-21.101,2026-04-05_12-02-21.760
44,101,44,kitchen,kitchen,right,TRUE,2026-04-05_12-02-25.794,2026-04-05_12-02-27.317,2026-04-05_12-02-29.255,2026-04-05_12-02-29.729
45,101,45,kitchen,bathroom,left,TRUE,2026-04-05_12-02-34.437,2026-04-05_12-02-35.958,2026-04-05_12-02-37.181,2026-04-05_12-02-38.201
46,101,46,bathroom,bathroom,right,TRUE,2026-04-05_12-02-42.802,2026-04-05_12-02-44.326,2026-04-05_12-02-46.118,2026-04-05_12-02-46.897
47,101,47,bathroom,kitchen,left,TRUE,2026-04-05_12-02-51.297,2026-04-05_12-02-52.817,2026-04-05_12-02-54.074,2026-04-05_12-02-54.840
48,101,48,living_room,kitchen,left,TRUE,2026-04-05_12-02-59.657,2026-04-05_12-03-01.175,2026-04-05_12-03-02.376,2026-04-05_12-03-03.248
49,101,49,green,yellow,left,TRUE,2026-04-05_12-03-08.182,2026-04-05_12-03-09.700,2026-04-05_12-03-10.853,2026-04-05_12-03-11.528
50,101,50,kitchen,living_room,left,TRUE,2026-04-05_12-03-33.001,2026-04-05_12-03-34.526,2026-04-05_12-03-36.102,2026-04-05_12-03-37.328
51,101,51,bathroom,living_room,left,TRUE,2026-04-05_12-03-41.191,2026-04-05_12-03-42.708,2026-04-05_12-03-44.292,2026-04-05_12-03-45.016
52,101,52,red,red,right,TRUE,2026-04-05_12-03-50.502,2026-04-05_12-03-52.025,2026-04-05_12-03-53.681,2026-04-05_12-03-54.264
53,101,53,yellow,yellow,right,TRUE,2026-04-05_12-03-57.928,2026-04-05_12-03-59.451,2026-04-05_12-04-00.838,2026-04-05_12-04-01.416
54,101,54,red,red,right,TRUE,2026-04-05_12-04-06.512,2026-04-05_12-04-08.034,2026-04-05_12-04-09.473,2026-04-05_12-04-10.104
55,101,55,bathroom,kitchen,left,TRUE,2026-04-05_12-04-14.404,2026-04-05_12-04-15.926,2026-04-05_12-04-17.584,2026-04-05_12-04-18.672
56,101,56,green,yellow,left,TRUE,2026-04-05_12-04-23.026,2026-04-05_12-04-24.555,2026-04-05_12-04-25.928,2026-04-05_12-04-26.696
57,101,57,green,red,left,TRUE,2026-04-05_12-04-30.645,2026-04-05_12-04-32.165,2026-04-05_12-04-34.134,2026-04-05_12-04-34.856
58,101,58,living_room,living_room,right,TRUE,2026-04-05_12-04-40.189,2026-04-05_12-04-41.708,2026-04-05_12-04-43.104,2026-04-05_12-04-44.160
59,101,59,red,yellow,left,TRUE,2026-04-05_12-04-49.620,2026-04-05_12-04-51.143,2026-04-05_12-04-52.870,2026-04-05_12-04-53.608
60,101,60,green,red,left,TRUE,2026-04-05_12-04-57.302,2026-04-05_12-04-58.826,2026-04-05_12-05-00.261,2026-04-05_12-05-00.784
61,101,61,red,yellow,left,TRUE,2026-04-05_12-05-05.479,2026-04-05_12-05-07.001,2026-04-05_12-05-08.799,2026-04-05_12-05-09.312
62,101,62,kitchen,living_room,left,TRUE,2026-04-05_12-05-13.615,2026-04-05_12-05-15.134,2026-04-05_12-05-16.406,2026-04-05_12-05-17.073
63,101,63,bathroom,bathroom,right,TRUE,2026-04-05_12-05-22.627,2026-04-05_12-05-24.150,2026-04-05_12-05-25.755,2026-04-05_12-05-26.464
64,101,64,green,yellow,left,TRUE,2026-04-05_12-05-31.343,2026-04-05_12-05-32.867,2026-04-05_12-05-34.753,2026-04-05_12-05-35.392
65,101,65,yellow,red,left,TRUE,2026-04-05_12-05-40.786,2026-04-05_12-05-42.309,2026-04-05_12-05-43.472,2026-04-05_12-05-44.048
66,101,66,red,green,left,TRUE,2026-04-05_12-05-48.273,2026-04-05_12-05-49.792,2026-04-05_12-05-51.572,2026-04-05_12-05-52.152
67,101,67,yellow,green,left,TRUE,2026-04-05_12-05-56.076,2026-04-05_12-05-57.592,2026-04-05_12-05-58.968,2026-04-05_12-05-59.432
68,101,68,living_room,bathroom,left,TRUE,2026-04-05_12-06-03.036,2026-04-05_12-06-04.558,2026-04-05_12-06-05.760,2026-04-05_12-06-06.320
69,101,69,kitchen,kitchen,right,TRUE,2026-04-05_12-06-10.425,2026-04-05_12-06-11.950,2026-04-05_12-06-13.349,2026-04-05_12-06-14.088
70,101,70,green,yellow,left,TRUE,2026-04-05_12-06-19.797,2026-04-05_12-06-21.317,2026-04-05_12-06-23.171,2026-04-05_12-06-23.736
71,101,71,kitchen,bathroom,left,TRUE,2026-04-05_12-06-28.768,2026-04-05_12-06-30.293,2026-04-05_12-06-32.257,2026-04-05_12-06-32.952
72,101,72,living_room,kitchen,left,TRUE,2026-04-05_12-06-37.285,2026-04-05_12-06-38.809,2026-04-05_12-06-39.891,2026-04-05_12-06-40.496
73,101,73,kitchen,kitchen,right,TRUE,2026-04-05_12-06-44.162,2026-04-05_12-06-45.684,2026-04-05_12-06-47.661,2026-04-05_12-06-48.272
74,101,74,living_room,bathroom,left,TRUE,2026-04-05_12-06-52.832,2026-04-05_12-06-54.350,2026-04-05_12-06-55.925,2026-04-05_12-06-56.545
75,101,75,living_room,living_room,right,TRUE,2026-04-05_12-07-01.493,2026-04-05_12-07-03.016,2026-04-05_12-07-04.568,2026-04-05_12-07-05.224
76,101,76,red,red,right,TRUE,2026-04-05_12-07-09.075,2026-04-05_12-07-10.592,2026-04-05_12-07-11.733,2026-04-05_12-07-12.224
77,101,77,green,green,right,TRUE,2026-04-05_12-07-17.180,2026-04-05_12-07-18.701,2026-04-05_12-07-19.846,2026-04-05_12-07-20.424
78,101,78,bathroom,kitchen,left,TRUE,2026-04-05_12-07-23.860,2026-04-05_12-07-25.383,2026-04-05_12-07-26.902,2026-04-05_12-07-27.544
79,101,79,red,green,left,TRUE,2026-04-05_12-07-31.851,2026-04-05_12-07-33.375,2026-04-05_12-07-35.401,2026-04-05_12-07-35.912
80,101,80,yellow,green,left,TRUE,2026-04-05_12-07-39.655,2026-04-05_12-07-41.175,2026-04-05_12-07-42.964,2026-04-05_12-07-43.552
81,101,81,green,red,left,TRUE,2026-04-05_12-07-47.603,2026-04-05_12-07-49.126,2026-04-05_12-07-50.601,2026-04-05_12-07-51.160
82,101,82,living_room,living_room,right,TRUE,2026-04-05_12-07-56.590,2026-04-05_12-07-58.108,2026-04-05_12-07-59.398,2026-04-05_12-08-00.120
83,101,83,kitchen,bathroom,left,TRUE,2026-04-05_12-08-04.349,2026-04-05_12-08-05.876,2026-04-05_12-08-06.908,2026-04-05_12-08-07.456
84,101,84,living_room,kitchen,left,TRUE,2026-04-05_12-08-11.935,2026-04-05_12-08-13.459,2026-04-05_12-08-15.307,2026-04-05_12-08-16.368
85,101,85,bathroom,kitchen,left,TRUE,2026-04-05_12-08-20.164,2026-04-05_12-08-21.685,2026-04-05_12-08-22.953,2026-04-05_12-08-23.688
86,101,86,kitchen,kitchen,right,TRUE,2026-04-05_12-08-28.972,2026-04-05_12-08-30.492,2026-04-05_12-08-32.363,2026-04-05_12-08-32.840
87,101,87,red,red,right,TRUE,2026-04-05_12-08-37.791,2026-04-05_12-08-39.308,2026-04-05_12-08-40.538,2026-04-05_12-08-41.056
88,101,88,green,green,right,TRUE,2026-04-05_12-08-45.174,2026-04-05_12-08-46.693,2026-04-05_12-08-48.139,2026-04-05_12-08-48.752
89,101,89,red,green,left,TRUE,2026-04-05_12-08-54.142,2026-04-05_12-08-55.659,2026-04-05_12-08-57.314,2026-04-05_12-08-58.016
90,101,90,bathroom,bathroom,right,TRUE,2026-04-05_12-09-01.796,2026-04-05_12-09-03.318,2026-04-05_12-09-05.060,2026-04-05_12-09-05.616
91,101,91,bathroom,bathroom,right,TRUE,2026-04-05_12-09-09.369,2026-04-05_12-09-10.891,2026-04-05_12-09-12.616,2026-04-05_12-09-13.232
92,101,92,green,green,right,TRUE,2026-04-05_12-09-18.431,2026-04-05_12-09-19.950,2026-04-05_12-09-21.049,2026-04-05_12-09-21.840
93,101,93,bathroom,bathroom,right,TRUE,2026-04-05_12-09-26.958,2026-04-05_12-09-28.477,2026-04-05_12-09-30.231,2026-04-05_12-09-30.776
94,101,94,bathroom,bathroom,right,TRUE,2026-04-05_12-09-36.451,2026-04-05_12-09-37.966,2026-04-05_12-09-39.962,2026-04-05_12-09-41.928
95,101,95,green,green,right,TRUE,2026-04-05_12-09-46.435,2026-04-05_12-09-47.950,2026-04-05_12-09-49.403,2026-04-05_12-09-50.016
96,101,96,bathroom,bathroom,right,TRUE,2026-04-05_12-09-53.527,2026-04-05_12-09-55.051,2026-04-05_12-09-56.556,2026-04-05_12-09-57.048
97,101,97,kitchen,kitchen,right,TRUE,2026-04-05_12-10-01.223,2026-04-05_12-10-02.743,2026-04-05_12-10-04.374,2026-04-05_12-10-04.976
98,101,98,kitchen,living_room,left,TRUE,2026-04-05_12-10-09.852,2026-04-05_12-10-11.376,2026-04-05_12-10-12.958,2026-04-05_12-10-13.624
99,101,99,red,red,right,TRUE,2026-04-05_12-10-17.889,2026-04-05_12-10-19.409,2026-04-05_12-10-21.322,2026-04-05_12-10-22.000
100,101,100,yellow,green,left,TRUE,2026-04-05_12-10-38.793,2026-04-05_12-10-40.309,2026-04-05_12-10-42.317,2026-04-05_12-10-43.024
101,101,101,kitchen,kitchen,right,TRUE,2026-04-05_12-10-47.785,2026-04-05_12-10-49.310,2026-04-05_12-10-50.659,2026-04-05_12-10-51.288
102,101,102,kitchen,bathroom,left,TRUE,2026-04-05_12-10-55.271,2026-04-05_12-10-56.791,2026-04-05_12-10-58.638,2026-04-05_12-10-59.575
103,101,103,yellow,yellow,right,TRUE,2026-04-05_12-11-02.743,2026-04-05_12-11-04.259,2026-04-05_12-11-05.726,2026-04-05_12-11-06.280
104,101,104,bathroom,living_room,left,TRUE,2026-04-05_12-11-11.038,2026-04-05_12-11-12.560,2026-04-05_12-11-14.531,2026-04-05_12-11-15.272
105,101,105,yellow,green,left,TRUE,2026-04-05_12-11-20.030,2026-04-05_12-11-21.550,2026-04-05_12-11-23.425,2026-04-05_12-11-24.040
106,101,106,red,yellow,left,TRUE,2026-04-05_12-11-29.173,2026-04-05_12-11-30.692,2026-04-05_12-11-32.651,2026-04-05_12-11-33.456
107,101,107,living_room,living_room,right,TRUE,2026-04-05_12-11-38.318,2026-04-05_12-11-39.841,2026-04-05_12-11-41.203,2026-04-05_12-11-41.895
108,101,108,yellow,yellow,right,TRUE,2026-04-05_12-11-46.720,2026-04-05_12-11-48.242,2026-04-05_12-11-50.142,2026-04-05_12-11-50.775
109,101,109,red,yellow,left,TRUE,2026-04-05_12-11-56.509,2026-04-05_12-11-58.026,2026-04-05_12-11-59.984,2026-04-05_12-12-00.600
110,101,110,red,red,right,TRUE,2026-04-05_12-12-06.001,2026-04-05_12-12-07.526,2026-04-05_12-12-08.808,2026-04-05_12-12-09.399
111,101,111,bathroom,living_room,left,TRUE,2026-04-05_12-12-13.421,2026-04-05_12-12-14.942,2026-04-05_12-12-16.864,2026-04-05_12-12-17.535
112,101,112,bathroom,kitchen,left,TRUE,2026-04-05_12-12-20.940,2026-04-05_12-12-22.459,2026-04-05_12-12-24.377,2026-04-05_12-12-25.088
113,101,113,living_room,kitchen,left,TRUE,2026-04-05_12-12-29.001,2026-04-05_12-12-30.526,2026-04-05_12-12-32.308,2026-04-05_12-12-32.984
114,101,114,bathroom,kitchen,left,TRUE,2026-04-05_12-12-37.961,2026-04-05_12-12-39.484,2026-04-05_12-12-41.375,2026-04-05_12-12-42.120
115,101,115,green,yellow,left,TRUE,2026-04-05_12-12-46.711,2026-04-05_12-12-48.234,2026-04-05_12-12-49.598,2026-04-05_12-12-50.175
116,101,116,green,green,right,TRUE,2026-04-05_12-12-54.162,2026-04-05_12-12-55.684,2026-04-05_12-12-57.230,2026-04-05_12-12-57.712
117,101,117,kitchen,kitchen,right,TRUE,2026-04-05_12-13-01.069,2026-04-05_12-13-02.592,2026-04-05_12-13-04.593,2026-04-05_12-13-05.168
118,101,118,green,green,right,TRUE,2026-04-05_12-13-09.769,2026-04-05_12-13-11.284,2026-04-05_12-13-12.531,2026-04-05_12-13-12.936
119,101,119,red,yellow,left,TRUE,2026-04-05_12-13-18.598,2026-04-05_12-13-20.118,2026-04-05_12-13-21.626,2026-04-05_12-13-23.695
120,101,120,yellow,yellow,right,TRUE,2026-04-05_12-13-27.888,2026-04-05_12-13-29.410,2026-04-05_12-13-31.178,2026-04-05_12-13-31.776
121,101,121,green,yellow,left,TRUE,2026-04-05_12-13-36.127,2026-04-05_12-13-37.650,2026-04-05_12-13-38.687,2026-04-05_12-13-39.440
122,101,122,green,red,left,TRUE,2026-04-05_12-13-44.348,2026-04-05_12-13-45.867,2026-04-05_12-13-47.320,2026-04-05_12-13-47.864
123,101,123,yellow,yellow,right,TRUE,2026-04-05_12-13-52.419,2026-04-05_12-13-53.943,2026-04-05_12-13-55.382,2026-04-05_12-13-55.776
124,101,124,red,yellow,left,TRUE,2026-04-05_12-14-00.993,2026-04-05_12-14-02.518,2026-04-05_12-14-04.380,2026-04-05_12-14-05.095
125,101,125,yellow,red,left,TRUE,2026-04-05_12-14-09.955,2026-04-05_12-14-11.476,2026-04-05_12-14-12.988,2026-04-05_12-14-13.576
126,101,126,kitchen,kitchen,right,TRUE,2026-04-05_12-14-19.109,2026-04-05_12-14-20.626,2026-04-05_12-14-21.711,2026-04-05_12-14-22.191
127,101,127,green,yellow,left,TRUE,2026-04-05_12-14-26.390,2026-04-05_12-14-27.909,2026-04-05_12-14-29.378,2026-04-05_12-14-29.976
128,101,128,bathroom,living_room,left,TRUE,2026-04-05_12-14-35.187,2026-04-05_12-14-36.711,2026-04-05_12-14-37.831,2026-04-05_12-14-38.600
129,101,129,kitchen,living_room,left,TRUE,2026-04-05_12-14-42.618,2026-04-05_12-14-44.134,2026-04-05_12-14-46.145,2026-04-05_12-14-46.807
130,101,130,green,yellow,left,TRUE,2026-04-05_12-14-51.150,2026-04-05_12-14-52.667,2026-04-05_12-14-54.346,2026-04-05_12-14-55.231
131,101,131,red,red,right,TRUE,2026-04-05_12-14-59.244,2026-04-05_12-15-00.768,2026-04-05_12-15-02.628,2026-04-05_12-15-03.719
132,101,132,bathroom,living_room,left,TRUE,2026-04-05_12-15-07.644,2026-04-05_12-15-09.167,2026-04-05_12-15-10.923,2026-04-05_12-15-15.000
133,101,133,yellow,yellow,right,TRUE,2026-04-05_12-15-19.594,2026-04-05_12-15-21.118,2026-04-05_12-15-22.928,2026-04-05_12-15-23.831
134,101,134,green,yellow,left,TRUE,2026-04-05_12-15-27.731,2026-04-05_12-15-29.250,2026-04-05_12-15-30.618,2026-04-05_12-15-31.280
135,101,135,bathroom,living_room,left,TRUE,2026-04-05_12-15-35.832,2026-04-05_12-15-37.351,2026-04-05_12-15-39.310,2026-04-05_12-15-39.831
136,101,136,red,green,left,TRUE,2026-04-05_12-15-45.155,2026-04-05_12-15-46.676,2026-04-05_12-15-48.688,2026-04-05_12-15-49.215
137,101,137,bathroom,kitchen,left,TRUE,2026-04-05_12-15-53.241,2026-04-05_12-15-54.758,2026-04-05_12-15-56.301,2026-04-05_12-15-56.832
138,101,138,bathroom,bathroom,right,TRUE,2026-04-05_12-16-01.252,2026-04-05_12-16-02.777,2026-04-05_12-16-04.576,2026-04-05_12-16-05.208
139,101,139,kitchen,living_room,left,TRUE,2026-04-05_12-16-10.009,2026-04-05_12-16-11.535,2026-04-05_12-16-13.407,2026-04-05_12-16-14.015
140,101,140,green,red,left,TRUE,2026-04-05_12-16-18.568,2026-04-05_12-16-20.084,2026-04-05_12-16-21.393,2026-04-05_12-16-21.943
141,101,141,green,red,left,TRUE,2026-04-05_12-16-26.075,2026-04-05_12-16-27.593,2026-04-05_12-16-28.706,2026-04-05_12-16-29.352
142,101,142,bathroom,living_room,left,TRUE,2026-04-05_12-16-34.956,2026-04-05_12-16-36.476,2026-04-05_12-16-37.782,2026-04-05_12-16-38.575
143,101,143,red,red,right,TRUE,2026-04-05_12-16-42.754,2026-04-05_12-16-44.276,2026-04-05_12-16-46.293,2026-04-05_12-16-47.104
144,101,144,red,red,right,TRUE,2026-04-05_12-16-52.232,2026-04-05_12-16-53.750,2026-04-05_12-16-55.365,2026-04-05_12-16-55.904
145,101,145,kitchen,living_room,left,TRUE,2026-04-05_12-17-00.004,2026-04-05_12-17-01.526,2026-04-05_12-17-02.670,2026-04-05_12-17-03.240
146,101,146,kitchen,kitchen,right,TRUE,2026-04-05_12-17-07.708,2026-04-05_12-17-09.226,2026-04-05_12-17-10.988,2026-04-05_12-17-11.808
147,101,147,green,red,left,TRUE,2026-04-05_12-17-16.126,2026-04-05_12-17-17.642,2026-04-05_12-17-19.250,2026-04-05_12-17-19.784
148,101,148,green,green,right,TRUE,2026-04-05_12-17-24.713,2026-04-05_12-17-26.235,2026-04-05_12-17-27.668,2026-04-05_12-17-28.807
149,101,149,living_room,living_room,right,TRUE,2026-04-05_12-17-34.524,2026-04-05_12-17-36.051,2026-04-05_12-17-38.007,2026-04-05_12-17-38.519
150,101,150,living_room,living_room,right,TRUE,2026-04-05_12-18-04.300,2026-04-05_12-18-05.818,2026-04-05_12-18-07.234,2026-04-05_12-18-07.743
151,101,151,green,green,right,TRUE,2026-04-05_12-18-12.784,2026-04-05_12-18-14.300,2026-04-05_12-18-15.380,2026-04-05_12-18-15.887
152,101,152,bathroom,bathroom,right,TRUE,2026-04-05_12-18-20.274,2026-04-05_12-18-21.793,2026-04-05_12-18-23.716,2026-04-05_12-18-24.167
153,101,153,red,yellow,left,TRUE,2026-04-05_12-18-28.513,2026-04-05_12-18-30.035,2026-04-05_12-18-31.557,2026-04-05_12-18-32.160
154,101,154,yellow,yellow,right,TRUE,2026-04-05_12-18-37.927,2026-04-05_12-18-39.442,2026-04-05_12-18-40.930,2026-04-05_12-18-42.615
155,101,155,kitchen,bathroom,left,TRUE,2026-04-05_12-18-47.297,2026-04-05_12-18-48.818,2026-04-05_12-18-50.281,2026-04-05_12-18-50.879
156,101,156,green,yellow,left,TRUE,2026-04-05_12-18-54.937,2026-04-05_12-18-56.460,2026-04-05_12-18-57.888,2026-04-05_12-18-58.471
157,101,157,kitchen,living_room,left,TRUE,2026-04-05_12-19-03.526,2026-04-05_12-19-05.042,2026-04-05_12-19-06.421,2026-04-05_12-19-06.983
158,101,158,bathroom,living_room,left,TRUE,2026-04-05_12-19-11.418,2026-04-05_12-19-12.942,2026-04-05_12-19-14.487,2026-04-05_12-19-15.047
159,101,159,green,yellow,left,TRUE,2026-04-05_12-19-20.598,2026-04-05_12-19-22.117,2026-04-05_12-19-23.884,2026-04-05_12-19-24.472
160,101,160,yellow,red,left,TRUE,2026-04-05_12-19-29.118,2026-04-05_12-19-30.634,2026-04-05_12-19-32.573,2026-04-05_12-19-33.159
161,101,161,bathroom,bathroom,right,TRUE,2026-04-05_12-19-37.376,2026-04-05_12-19-38.900,2026-04-05_12-19-40.532,2026-04-05_12-19-41.135
162,101,162,kitchen,kitchen,right,TRUE,2026-04-05_12-19-45.329,2026-04-05_12-19-46.851,2026-04-05_12-19-48.490,2026-04-05_12-19-48.944
163,101,163,kitchen,kitchen,right,TRUE,2026-04-05_12-19-53.037,2026-04-05_12-19-54.560,2026-04-05_12-19-55.720,2026-04-05_12-19-58.807
164,101,164,green,red,left,TRUE,2026-04-05_12-20-03.492,2026-04-05_12-20-05.010,2026-04-05_12-20-06.800,2026-04-05_12-20-07.519
165,101,165,yellow,yellow,right,TRUE,2026-04-05_12-20-12.954,2026-04-05_12-20-14.476,2026-04-05_12-20-15.737,2026-04-05_12-20-16.319
166,101,166,green,green,right,TRUE,2026-04-05_12-20-22.002,2026-04-05_12-20-23.517,2026-04-05_12-20-24.923,2026-04-05_12-20-25.554
167,101,167,kitchen,kitchen,right,TRUE,2026-04-05_12-20-30.471,2026-04-05_12-20-31.994,2026-04-05_12-20-33.431,2026-04-05_12-20-33.999
168,101,168,yellow,yellow,right,TRUE,2026-04-05_12-20-38.171,2026-04-05_12-20-39.694,2026-04-05_12-20-41.121,2026-04-05_12-20-41.799
169,101,169,bathroom,living_room,left,TRUE,2026-04-05_12-20-46.963,2026-04-05_12-20-48.484,2026-04-05_12-20-50.393,2026-04-05_12-20-50.991
170,101,170,bathroom,bathroom,right,TRUE,2026-04-05_12-20-55.396,2026-04-05_12-20-56.917,2026-04-05_12-20-58.314,2026-04-05_12-20-59.031
171,101,171,green,green,right,TRUE,2026-04-05_12-21-03.885,2026-04-05_12-21-05.401,2026-04-05_12-21-07.079,2026-04-05_12-21-07.519
172,101,172,bathroom,bathroom,right,TRUE,2026-04-05_12-21-12.612,2026-04-05_12-21-14.134,2026-04-05_12-21-15.552,2026-04-05_12-21-16.119
173,101,173,green,green,right,TRUE,2026-04-05_12-21-20.675,2026-04-05_12-21-22.192,2026-04-05_12-21-23.970,2026-04-05_12-21-25.168
174,101,174,bathroom,kitchen,left,TRUE,2026-04-05_12-21-28.388,2026-04-05_12-21-29.910,2026-04-05_12-21-31.787,2026-04-05_12-21-32.479
175,101,175,living_room,kitchen,left,TRUE,2026-04-05_12-21-37.699,2026-04-05_12-21-39.217,2026-04-05_12-21-40.371,2026-04-05_12-21-41.799
176,101,176,bathroom,bathroom,right,TRUE,2026-04-05_12-21-45.031,2026-04-05_12-21-46.552,2026-04-05_12-21-48.181,2026-04-05_12-21-48.767
177,101,177,red,yellow,left,TRUE,2026-04-05_12-21-53.346,2026-04-05_12-21-54.868,2026-04-05_12-21-56.151,2026-04-05_12-21-56.806
178,101,178,living_room,bathroom,left,TRUE,2026-04-05_12-22-01.157,2026-04-05_12-22-02.676,2026-04-05_12-22-04.369,2026-04-05_12-22-05.047
179,101,179,red,green,left,TRUE,2026-04-05_12-22-09.390,2026-04-05_12-22-10.909,2026-04-05_12-22-11.942,2026-04-05_12-22-12.623
180,101,180,kitchen,kitchen,right,TRUE,2026-04-05_12-22-16.721,2026-04-05_12-22-18.242,2026-04-05_12-22-19.460,2026-04-05_12-22-19.983
181,101,181,bathroom,bathroom,right,TRUE,2026-04-05_12-22-25.393,2026-04-05_12-22-26.917,2026-04-05_12-22-28.018,2026-04-05_12-22-29.159
182,101,182,living_room,kitchen,left,TRUE,2026-04-05_12-22-33.420,2026-04-05_12-22-34.943,2026-04-05_12-22-36.537,2026-04-05_12-22-37.175
183,101,183,living_room,bathroom,left,TRUE,2026-04-05_12-22-41.386,2026-04-05_12-22-42.910,2026-04-05_12-22-44.818,2026-04-05_12-22-45.351
184,101,184,red,yellow,left,TRUE,2026-04-05_12-22-49.079,2026-04-05_12-22-50.602,2026-04-05_12-22-51.839,2026-04-05_12-22-52.479
185,101,185,bathroom,living_room,left,TRUE,2026-04-05_12-22-57.705,2026-04-05_12-22-59.226,2026-04-05_12-23-00.446,2026-04-05_12-23-01.223
186,101,186,yellow,yellow,right,TRUE,2026-04-05_12-23-05.494,2026-04-05_12-23-07.010,2026-04-05_12-23-08.539,2026-04-05_12-23-09.047
187,101,187,living_room,living_room,right,TRUE,2026-04-05_12-23-13.892,2026-04-05_12-23-15.410,2026-04-05_12-23-16.549,2026-04-05_12-23-17.191
188,101,188,red,green,left,TRUE,2026-04-05_12-23-21.056,2026-04-05_12-23-22.576,2026-04-05_12-23-23.763,2026-04-05_12-23-24.327
189,101,189,living_room,living_room,right,TRUE,2026-04-05_12-23-28.617,2026-04-05_12-23-30.134,2026-04-05_12-23-31.193,2026-04-05_12-23-31.854
190,101,190,green,green,right,TRUE,2026-04-05_12-23-37.161,2026-04-05_12-23-38.685,2026-04-05_12-23-40.019,2026-04-05_12-23-40.702
191,101,191,kitchen,kitchen,right,TRUE,2026-04-05_12-23-44.060,2026-04-05_12-23-45.584,2026-04-05_12-23-47.072,2026-04-05_12-23-47.623
192,101,192,bathroom,kitchen,left,TRUE,2026-04-05_12-23-52.749,2026-04-05_12-23-54.268,2026-04-05_12-23-56.138,2026-04-05_12-23-57.119
193,101,193,bathroom,bathroom,right,TRUE,2026-04-05_12-24-01.699,2026-04-05_12-24-03.218,2026-04-05_12-24-05.247,2026-04-05_12-24-05.983
194,101,194,yellow,red,left,TRUE,2026-04-05_12-24-11.239,2026-04-05_12-24-12.759,2026-04-05_12-24-13.932,2026-04-05_12-24-14.591
195,101,195,living_room,kitchen,left,TRUE,2026-04-05_12-24-19.803,2026-04-05_12-24-21.327,2026-04-05_12-24-22.430,2026-04-05_12-24-22.998
196,101,196,green,red,left,TRUE,2026-04-05_12-24-27.604,2026-04-05_12-24-29.126,2026-04-05_12-24-30.773,2026-04-05_12-24-31.439
197,101,197,yellow,green,left,TRUE,2026-04-05_12-24-36.904,2026-04-05_12-24-38.426,2026-04-05_12-24-40.135,2026-04-05_12-24-40.766
198,101,198,kitchen,kitchen,right,TRUE,2026-04-05_12-24-45.914,2026-04-05_12-24-47.434,2026-04-05_12-24-49.374,2026-04-05_12-24-49.983
199,101,199,living_room,kitchen,left,TRUE,2026-04-05_12-24-53.359,2026-04-05_12-24-54.884,2026-04-05_12-24-56.682,2026-04-05_12-24-57.471
200,101,200,yellow,green,left,TRUE,2026-04-05_12-25-38.139,2026-04-05_12-25-39.660,2026-04-05_12-25-41.052,2026-04-05_12-25-41.598
201,101,201,green,red,left,TRUE,2026-04-05_12-25-45.303,2026-04-05_12-25-46.826,2026-04-05_12-25-48.166,2026-04-05_12-25-48.647
202,101,202,green,yellow,left,TRUE,2026-04-05_12-25-53.107,2026-04-05_12-25-54.626,2026-04-05_12-25-56.399,2026-04-05_12-25-56.927
203,101,203,living_room,living_room,right,TRUE,2026-04-05_12-26-01.782,2026-04-05_12-26-03.302,2026-04-05_12-26-04.776,2026-04-05_12-26-05.310
204,101,204,yellow,yellow,right,TRUE,2026-04-05_12-26-11.044,2026-04-05_12-26-12.560,2026-04-05_12-26-14.237,2026-04-05_12-26-14.711
205,101,205,red,yellow,left,TRUE,2026-04-05_12-26-18.748,2026-04-05_12-26-20.268,2026-04-05_12-26-21.318,2026-04-05_12-26-21.983
206,101,206,yellow,green,left,TRUE,2026-04-05_12-26-26.232,2026-04-05_12-26-27.751,2026-04-05_12-26-29.445,2026-04-05_12-26-30.038
207,101,207,living_room,living_room,right,TRUE,2026-04-05_12-26-34.314,2026-04-05_12-26-35.834,2026-04-05_12-26-37.580,2026-04-05_12-26-38.007
208,101,208,yellow,green,left,TRUE,2026-04-05_12-26-42.172,2026-04-05_12-26-43.693,2026-04-05_12-26-45.701,2026-04-05_12-26-48.038
209,101,209,yellow,yellow,right,TRUE,2026-04-05_12-26-52.461,2026-04-05_12-26-53.985,2026-04-05_12-26-55.515,2026-04-05_12-26-56.094
210,101,210,kitchen,bathroom,left,TRUE,2026-04-05_12-27-00.309,2026-04-05_12-27-01.826,2026-04-05_12-27-03.676,2026-04-05_12-27-04.502
211,101,211,green,green,right,TRUE,2026-04-05_12-27-09.219,2026-04-05_12-27-10.744,2026-04-05_12-27-12.199,2026-04-05_12-27-12.919
212,101,212,living_room,bathroom,left,TRUE,2026-04-05_12-27-18.109,2026-04-05_12-27-19.626,2026-04-05_12-27-21.566,2026-04-05_12-27-22.046
213,101,213,yellow,green,left,TRUE,2026-04-05_12-27-26.777,2026-04-05_12-27-28.292,2026-04-05_12-27-29.700,2026-04-05_12-27-30.374
214,101,214,red,red,right,TRUE,2026-04-05_12-27-35.844,2026-04-05_12-27-37.359,2026-04-05_12-27-39.257,2026-04-05_12-27-43.798
215,101,215,living_room,bathroom,left,TRUE,2026-04-05_12-27-47.361,2026-04-05_12-27-48.876,2026-04-05_12-27-50.494,2026-04-05_12-27-51.079
216,101,216,red,red,right,TRUE,2026-04-05_12-27-54.625,2026-04-05_12-27-56.144,2026-04-05_12-27-57.428,2026-04-05_12-27-57.927
217,101,217,yellow,yellow,right,TRUE,2026-04-05_12-28-02.379,2026-04-05_12-28-03.901,2026-04-05_12-28-05.729,2026-04-05_12-28-06.494
218,101,218,bathroom,living_room,left,TRUE,2026-04-05_12-28-10.622,2026-04-05_12-28-12.144,2026-04-05_12-28-13.710,2026-04-05_12-28-14.366
219,101,219,yellow,red,left,TRUE,2026-04-05_12-28-19.490,2026-04-05_12-28-21.010,2026-04-05_12-28-22.318,2026-04-05_12-28-22.974
220,101,220,living_room,living_room,right,TRUE,2026-04-05_12-28-27.535,2026-04-05_12-28-29.060,2026-04-05_12-28-30.176,2026-04-05_12-28-31.390
221,101,221,living_room,kitchen,left,TRUE,2026-04-05_12-28-35.811,2026-04-05_12-28-37.334,2026-04-05_12-28-39.165,2026-04-05_12-28-39.942
222,101,222,green,red,left,TRUE,2026-04-05_12-28-45.097,2026-04-05_12-28-46.619,2026-04-05_12-28-48.261,2026-04-05_12-28-49.063
223,101,223,bathroom,bathroom,right,TRUE,2026-04-05_12-28-53.332,2026-04-05_12-28-54.852,2026-04-05_12-28-56.296,2026-04-05_12-28-56.855
224,101,224,living_room,kitchen,left,TRUE,2026-04-05_12-29-01.516,2026-04-05_12-29-03.034,2026-04-05_12-29-04.409,2026-04-05_12-29-04.951
225,101,225,red,green,left,TRUE,2026-04-05_12-29-10.371,2026-04-05_12-29-11.893,2026-04-05_12-29-13.810,2026-04-05_12-29-14.462
226,101,226,bathroom,bathroom,right,TRUE,2026-04-05_12-29-19.692,2026-04-05_12-29-21.211,2026-04-05_12-29-22.762,2026-04-05_12-29-23.679
227,101,227,living_room,living_room,right,TRUE,2026-04-05_12-29-29.617,2026-04-05_12-29-31.143,2026-04-05_12-29-32.588,2026-04-05_12-29-33.335
228,101,228,living_room,living_room,right,TRUE,2026-04-05_12-29-37.827,2026-04-05_12-29-39.350,2026-04-05_12-29-41.229,2026-04-05_12-29-41.782
229,101,229,green,green,right,TRUE,2026-04-05_12-29-45.522,2026-04-05_12-29-47.044,2026-04-05_12-29-48.537,2026-04-05_12-29-49.143
230,101,230,yellow,green,left,TRUE,2026-04-05_12-29-54.379,2026-04-05_12-29-55.902,2026-04-05_12-29-57.789,2026-04-05_12-29-58.295
231,101,231,yellow,yellow,right,TRUE,2026-04-05_12-30-03.381,2026-04-05_12-30-04.902,2026-04-05_12-30-05.957,2026-04-05_12-30-06.527
232,101,232,kitchen,living_room,left,TRUE,2026-04-05_12-30-11.760,2026-04-05_12-30-13.286,2026-04-05_12-30-14.535,2026-04-05_12-30-15.191
233,101,233,kitchen,kitchen,right,TRUE,2026-04-05_12-30-20.063,2026-04-05_12-30-21.584,2026-04-05_12-30-23.103,2026-04-05_12-30-26.567
234,101,234,living_room,living_room,right,TRUE,2026-04-05_12-30-31.107,2026-04-05_12-30-32.626,2026-04-05_12-30-34.184,2026-04-05_12-30-34.790
235,101,235,living_room,bathroom,left,TRUE,2026-04-05_12-30-38.887,2026-04-05_12-30-40.411,2026-04-05_12-30-41.629,2026-04-05_12-30-42.350
236,101,236,yellow,green,left,TRUE,2026-04-05_12-30-47.663,2026-04-05_12-30-49.185,2026-04-05_12-30-50.845,2026-04-05_12-30-51.479
237,101,237,yellow,green,left,TRUE,2026-04-05_12-30-55.821,2026-04-05_12-30-57.344,2026-04-05_12-30-59.092,2026-04-05_12-31-00.135
238,101,238,red,red,right,TRUE,2026-04-05_12-31-04.750,2026-04-05_12-31-06.269,2026-04-05_12-31-07.674,2026-04-05_12-31-08.366
239,101,239,kitchen,kitchen,right,TRUE,2026-04-05_12-31-12.476,2026-04-05_12-31-13.993,2026-04-05_12-31-15.112,2026-04-05_12-31-15.694
240,101,240,living_room,living_room,right,TRUE,2026-04-05_12-31-19.909,2026-04-05_12-31-21.434,2026-04-05_12-31-23.383,2026-04-05_12-31-23.902
241,101,241,green,yellow,left,TRUE,2026-04-05_12-31-29.100,2026-04-05_12-31-30.617,2026-04-05_12-31-32.648,2026-04-05_12-31-33.326
242,101,242,red,yellow,left,TRUE,2026-04-05_12-31-37.362,2026-04-05_12-31-38.885,2026-04-05_12-31-39.986,2026-04-05_12-31-40.598
243,101,243,red,red,right,TRUE,2026-04-05_12-31-45.138,2026-04-05_12-31-46.661,2026-04-05_12-31-48.482,2026-04-05_12-31-49.518
244,101,244,kitchen,living_room,left,TRUE,2026-04-05_12-31-53.465,2026-04-05_12-31-54.985,2026-04-05_12-31-56.504,2026-04-05_12-31-57.222
245,101,245,living_room,kitchen,left,TRUE,2026-04-05_12-32-01.878,2026-04-05_12-32-03.401,2026-04-05_12-32-04.763,2026-04-05_12-32-05.695
246,101,246,living_room,bathroom,left,TRUE,2026-04-05_12-32-09.770,2026-04-05_12-32-11.292,2026-04-05_12-32-12.367,2026-04-05_12-32-12.966
247,101,247,green,green,right,TRUE,2026-04-05_12-32-18.500,2026-04-05_12-32-20.019,2026-04-05_12-32-21.125,2026-04-05_12-32-21.998
248,101,248,red,green,left,TRUE,2026-04-05_12-32-27.249,2026-04-05_12-32-28.768,2026-04-05_12-32-30.788,2026-04-05_12-32-31.511
249,101,249,kitchen,bathroom,left,TRUE,2026-04-05_12-32-35.943,2026-04-05_12-32-37.459,2026-04-05_12-32-39.412,2026-04-05_12-32-40.047
250,101,250,bathroom,kitchen,left,TRUE,2026-04-05_12-32-49.895,2026-04-05_12-32-51.419,2026-04-05_12-32-53.186,2026-04-05_12-32-55.430
251,101,251,kitchen,kitchen,right,TRUE,2026-04-05_12-32-59.893,2026-04-05_12-33-01.418,2026-04-05_12-33-02.720,2026-04-05_12-33-03.199
252,101,252,green,yellow,left,TRUE,2026-04-05_12-33-06.535,2026-04-05_12-33-08.053,2026-04-05_12-33-09.166,2026-04-05_12-33-10.014
253,101,253,kitchen,kitchen,right,TRUE,2026-04-05_12-33-15.413,2026-04-05_12-33-16.935,2026-04-05_12-33-18.349,2026-04-05_12-33-19.327
254,101,254,living_room,living_room,right,TRUE,2026-04-05_12-33-25.280,2026-04-05_12-33-26.801,2026-04-05_12-33-28.447,2026-04-05_12-33-28.951
255,101,255,living_room,living_room,right,TRUE,2026-04-05_12-33-34.173,2026-04-05_12-33-35.692,2026-04-05_12-33-36.825,2026-04-05_12-33-37.310
256,101,256,kitchen,bathroom,left,TRUE,2026-04-05_12-33-42.338,2026-04-05_12-33-43.860,2026-04-05_12-33-45.028,2026-04-05_12-33-45.710
257,101,257,green,red,left,TRUE,2026-04-05_12-33-49.353,2026-04-05_12-33-50.877,2026-04-05_12-33-52.777,2026-04-05_12-33-53.398
258,101,258,green,green,right,TRUE,2026-04-05_12-33-57.197,2026-04-05_12-33-58.718,2026-04-05_12-33-59.972,2026-04-05_12-34-00.534
259,101,259,living_room,kitchen,left,TRUE,2026-04-05_12-34-04.719,2026-04-05_12-34-06.244,2026-04-05_12-34-07.847,2026-04-05_12-34-08.958
260,101,260,bathroom,kitchen,left,TRUE,2026-04-05_12-34-13.253,2026-04-05_12-34-14.778,2026-04-05_12-34-16.529,2026-04-05_12-34-17.254
261,101,261,kitchen,kitchen,right,TRUE,2026-04-05_12-34-21.870,2026-04-05_12-34-23.394,2026-04-05_12-34-25.182,2026-04-05_12-34-26.151
262,101,262,kitchen,kitchen,right,TRUE,2026-04-05_12-34-31.769,2026-04-05_12-34-33.294,2026-04-05_12-34-35.136,2026-04-05_12-34-35.615
263,101,263,green,green,right,TRUE,2026-04-05_12-34-40.519,2026-04-05_12-34-42.035,2026-04-05_12-34-43.077,2026-04-05_12-34-43.750
264,101,264,red,red,right,TRUE,2026-04-05_12-34-48.513,2026-04-05_12-34-50.035,2026-04-05_12-34-51.442,2026-04-05_12-34-52.006
265,101,265,red,red,right,TRUE,2026-04-05_12-34-55.883,2026-04-05_12-34-57.401,2026-04-05_12-34-59.299,2026-04-05_12-34-59.734
266,101,266,living_room,living_room,right,TRUE,2026-04-05_12-35-03.760,2026-04-05_12-35-05.285,2026-04-05_12-35-07.282,2026-04-05_12-35-07.638
267,101,267,bathroom,bathroom,right,TRUE,2026-04-05_12-35-12.816,2026-04-05_12-35-14.336,2026-04-05_12-35-16.331,2026-04-05_12-35-16.862
268,101,268,yellow,yellow,right,TRUE,2026-04-05_12-35-22.184,2026-04-05_12-35-23.702,2026-04-05_12-35-25.055,2026-04-05_12-35-25.454
269,101,269,kitchen,bathroom,left,TRUE,2026-04-05_12-35-29.088,2026-04-05_12-35-30.611,2026-04-05_12-35-31.759,2026-04-05_12-35-32.254
270,101,270,bathroom,kitchen,left,TRUE,2026-04-05_12-35-36.459,2026-04-05_12-35-37.977,2026-04-05_12-35-39.076,2026-04-05_12-35-39.646
271,101,271,yellow,green,left,TRUE,2026-04-05_12-35-43.837,2026-04-05_12-35-45.360,2026-04-05_12-35-47.026,2026-04-05_12-35-47.806
272,101,272,green,yellow,left,TRUE,2026-04-05_12-35-52.241,2026-04-05_12-35-53.760,2026-04-05_12-35-55.718,2026-04-05_12-35-56.489
273,101,273,bathroom,living_room,left,TRUE,2026-04-05_12-36-01.311,2026-04-05_12-36-02.834,2026-04-05_12-36-03.886,2026-04-05_12-36-04.470
274,101,274,yellow,yellow,right,TRUE,2026-04-05_12-36-09.501,2026-04-05_12-36-11.019,2026-04-05_12-36-12.605,2026-04-05_12-36-13.382
275,101,275,kitchen,kitchen,right,TRUE,2026-04-05_12-36-18.371,2026-04-05_12-36-19.894,2026-04-05_12-36-21.768,2026-04-05_12-36-22.942
276,101,276,kitchen,kitchen,right,TRUE,2026-04-05_12-36-28.896,2026-04-05_12-36-30.419,2026-04-05_12-36-31.532,2026-04-05_12-36-32.102
277,101,277,bathroom,bathroom,right,TRUE,2026-04-05_12-36-37.811,2026-04-05_12-36-39.337,2026-04-05_12-36-40.944,2026-04-05_12-36-41.822
278,101,278,bathroom,bathroom,right,TRUE,2026-04-05_12-36-47.029,2026-04-05_12-36-48.552,2026-04-05_12-36-50.166,2026-04-05_12-36-50.774
279,101,279,red,green,left,TRUE,2026-04-05_12-36-55.588,2026-04-05_12-36-57.110,2026-04-05_12-36-59.071,2026-04-05_12-36-59.726
280,101,280,yellow,yellow,right,TRUE,2026-04-05_12-37-04.139,2026-04-05_12-37-05.660,2026-04-05_12-37-07.104,2026-04-05_12-37-07.686
281,101,281,kitchen,bathroom,left,TRUE,2026-04-05_12-37-12.179,2026-04-05_12-37-13.702,2026-04-05_12-37-15.599,2026-04-05_12-37-16.774
282,101,282,living_room,living_room,right,TRUE,2026-04-05_12-37-20.378,2026-04-05_12-37-21.902,2026-04-05_12-37-23.719,2026-04-05_12-37-24.238
283,101,283,red,green,left,TRUE,2026-04-05_12-37-28.894,2026-04-05_12-37-30.411,2026-04-05_12-37-31.738,2026-04-05_12-37-32.294
284,101,284,bathroom,living_room,left,TRUE,2026-04-05_12-37-37.650,2026-04-05_12-37-39.168,2026-04-05_12-37-40.376,2026-04-05_12-37-40.886
285,101,285,red,red,right,TRUE,2026-04-05_12-37-44.820,2026-04-05_12-37-46.334,2026-04-05_12-37-47.901,2026-04-05_12-37-48.486
286,101,286,kitchen,kitchen,right,TRUE,2026-04-05_12-37-53.893,2026-04-05_12-37-55.411,2026-04-05_12-37-57.325,2026-04-05_12-37-58.030
287,101,287,red,yellow,left,TRUE,2026-04-05_12-38-02.148,2026-04-05_12-38-03.669,2026-04-05_12-38-05.078,2026-04-05_12-38-05.718
288,101,288,green,green,right,TRUE,2026-04-05_12-38-10.552,2026-04-05_12-38-12.077,2026-04-05_12-38-14.070,2026-04-05_12-38-17.126
289,101,289,living_room,living_room,right,TRUE,2026-04-05_12-38-22.307,2026-04-05_12-38-23.826,2026-04-05_12-38-25.642,2026-04-05_12-38-26.262
290,101,290,kitchen,bathroom,left,TRUE,2026-04-05_12-38-31.859,2026-04-05_12-38-33.385,2026-04-05_12-38-34.473,2026-04-05_12-38-37.526
291,101,291,kitchen,kitchen,right,TRUE,2026-04-05_12-38-41.289,2026-04-05_12-38-42.811,2026-04-05_12-38-44.300,2026-04-05_12-38-44.990
292,101,292,green,green,right,TRUE,2026-04-05_12-38-49.673,2026-04-05_12-38-51.194,2026-04-05_12-38-52.812,2026-04-05_12-38-53.574
293,101,293,red,green,left,TRUE,2026-04-05_12-38-59.193,2026-04-05_12-39-00.711,2026-04-05_12-39-02.018,2026-04-05_12-39-02.686
294,101,294,living_room,kitchen,left,TRUE,2026-04-05_12-39-08.474,2026-04-05_12-39-09.993,2026-04-05_12-39-11.579,2026-04-05_12-39-12.718
295,101,295,red,yellow,left,TRUE,2026-04-05_12-39-16.893,2026-04-05_12-39-18.410,2026-04-05_12-39-20.426,2026-04-05_12-39-21.093
296,101,296,bathroom,bathroom,right,TRUE,2026-04-05_12-39-25.565,2026-04-05_12-39-27.086,2026-04-05_12-39-28.346,2026-04-05_12-39-29.389
297,101,297,bathroom,living_room,left,TRUE,2026-04-05_12-39-33.935,2026-04-05_12-39-35.451,2026-04-05_12-39-37.323,2026-04-05_12-39-38.022
298,101,298,red,green,left,TRUE,2026-04-05_12-39-43.309,2026-04-05_12-39-44.826,2026-04-05_12-39-46.430,2026-04-05_12-39-47.134
299,101,299,yellow,green,left,TRUE,2026-04-05_12-39-52.166,2026-04-05_12-39-53.685,2026-04-05_12-39-54.851,2026-04-05_12-39-55.517
300,101,300,bathroom,bathroom,right,TRUE,2026-04-05_12-40-55.700,2026-04-05_12-40-57.218,2026-04-05_12-40-58.580,2026-04-05_12-40-59.133
301,101,301,living_room,bathroom,left,TRUE,2026-04-05_12-41-03.286,2026-04-05_12-41-04.810,2026-04-05_12-41-05.884,2026-04-05_12-41-06.398
302,101,302,living_room,kitchen,left,TRUE,2026-04-05_12-41-10.228,2026-04-05_12-41-11.751,2026-04-05_12-41-13.291,2026-04-05_12-41-13.917
303,101,303,kitchen,living_room,left,TRUE,2026-04-05_12-41-18.583,2026-04-05_12-41-20.103,2026-04-05_12-41-21.831,2026-04-05_12-41-22.406
304,101,304,bathroom,bathroom,right,TRUE,2026-04-05_12-41-27.600,2026-04-05_12-41-29.119,2026-04-05_12-41-30.358,2026-04-05_12-41-30.765
305,101,305,bathroom,bathroom,right,TRUE,2026-04-05_12-41-36.186,2026-04-05_12-41-37.711,2026-04-05_12-41-39.068,2026-04-05_12-41-39.550
306,101,306,living_room,bathroom,left,TRUE,2026-04-05_12-41-43.158,2026-04-05_12-41-44.678,2026-04-05_12-41-46.704,2026-04-05_12-41-47.462
307,101,307,kitchen,kitchen,right,TRUE,2026-04-05_12-41-52.337,2026-04-05_12-41-53.860,2026-04-05_12-41-55.818,2026-04-05_12-41-56.310
308,101,308,red,red,right,TRUE,2026-04-05_12-42-02.138,2026-04-05_12-42-03.660,2026-04-05_12-42-04.828,2026-04-05_12-42-05.406
309,101,309,kitchen,bathroom,left,TRUE,2026-04-05_12-42-09.671,2026-04-05_12-42-11.193,2026-04-05_12-42-12.351,2026-04-05_12-42-12.798
310,101,310,living_room,living_room,right,TRUE,2026-04-05_12-42-17.156,2026-04-05_12-42-18.678,2026-04-05_12-42-20.373,2026-04-05_12-42-20.918
311,101,311,kitchen,kitchen,right,TRUE,2026-04-05_12-42-25.248,2026-04-05_12-42-26.768,2026-04-05_12-42-28.156,2026-04-05_12-42-28.589
312,101,312,living_room,living_room,right,TRUE,2026-04-05_12-42-33.252,2026-04-05_12-42-34.776,2026-04-05_12-42-36.104,2026-04-05_12-42-36.621
313,101,313,red,yellow,left,TRUE,2026-04-05_12-42-42.009,2026-04-05_12-42-43.527,2026-04-05_12-42-44.919,2026-04-05_12-42-45.502
314,101,314,bathroom,bathroom,right,TRUE,2026-04-05_12-42-49.583,2026-04-05_12-42-51.102,2026-04-05_12-42-52.437,2026-04-05_12-42-53.046
315,101,315,yellow,yellow,right,TRUE,2026-04-05_12-42-57.946,2026-04-05_12-42-59.470,2026-04-05_12-43-00.758,2026-04-05_12-43-01.214
316,101,316,bathroom,bathroom,right,TRUE,2026-04-05_12-43-06.428,2026-04-05_12-43-07.953,2026-04-05_12-43-09.728,2026-04-05_12-43-10.205
317,101,317,bathroom,living_room,left,TRUE,2026-04-05_12-43-15.690,2026-04-05_12-43-17.211,2026-04-05_12-43-18.970,2026-04-05_12-43-19.790
318,101,318,living_room,bathroom,left,TRUE,2026-04-05_12-43-24.921,2026-04-05_12-43-26.445,2026-04-05_12-43-27.549,2026-04-05_12-43-28.253
319,101,319,bathroom,bathroom,right,TRUE,2026-04-05_12-43-32.039,2026-04-05_12-43-33.562,2026-04-05_12-43-35.591,2026-04-05_12-43-35.997
320,101,320,kitchen,kitchen,right,TRUE,2026-04-05_12-43-39.885,2026-04-05_12-43-41.411,2026-04-05_12-43-43.270,2026-04-05_12-43-43.846
321,101,321,bathroom,bathroom,right,TRUE,2026-04-05_12-43-48.809,2026-04-05_12-43-50.328,2026-04-05_12-43-52.060,2026-04-05_12-43-52.549
322,101,322,kitchen,living_room,left,TRUE,2026-04-05_12-43-57.731,2026-04-05_12-43-59.253,2026-04-05_12-44-00.672,2026-04-05_12-44-01.654
323,101,323,living_room,kitchen,left,TRUE,2026-04-05_12-44-06.754,2026-04-05_12-44-08.276,2026-04-05_12-44-09.744,2026-04-05_12-44-10.630
324,101,324,yellow,red,left,TRUE,2026-04-05_12-44-15.132,2026-04-05_12-44-16.652,2026-04-05_12-44-18.579,2026-04-05_12-44-19.277
325,101,325,green,yellow,left,TRUE,2026-04-05_12-44-23.706,2026-04-05_12-44-25.227,2026-04-05_12-44-26.585,2026-04-05_12-44-27.142
326,101,326,yellow,red,left,TRUE,2026-04-05_12-44-32.208,2026-04-05_12-44-33.726,2026-04-05_12-44-35.488,2026-04-05_12-44-36.085
327,101,327,yellow,yellow,right,TRUE,2026-04-05_12-44-40.271,2026-04-05_12-44-41.794,2026-04-05_12-44-43.590,2026-04-05_12-44-43.998
328,101,328,living_room,living_room,right,TRUE,2026-04-05_12-44-48.497,2026-04-05_12-44-50.019,2026-04-05_12-44-51.250,2026-04-05_12-44-51.870
329,101,329,bathroom,bathroom,right,TRUE,2026-04-05_12-44-56.555,2026-04-05_12-44-58.077,2026-04-05_12-45-00.004,2026-04-05_12-45-00.598
330,101,330,yellow,red,left,TRUE,2026-04-05_12-45-04.774,2026-04-05_12-45-06.294,2026-04-05_12-45-07.327,2026-04-05_12-45-08.054
331,101,331,kitchen,kitchen,right,TRUE,2026-04-05_12-45-12.205,2026-04-05_12-45-13.728,2026-04-05_12-45-15.463,2026-04-05_12-45-16.037
332,101,332,yellow,green,left,TRUE,2026-04-05_12-45-20.545,2026-04-05_12-45-22.069,2026-04-05_12-45-23.902,2026-04-05_12-45-24.605
333,101,333,bathroom,living_room,left,TRUE,2026-04-05_12-45-27.935,2026-04-05_12-45-29.452,2026-04-05_12-45-31.327,2026-04-05_12-45-32.078
334,101,334,living_room,living_room,right,TRUE,2026-04-05_12-45-37.239,2026-04-05_12-45-38.761,2026-04-05_12-45-39.849,2026-04-05_12-45-40.325
335,101,335,living_room,living_room,right,TRUE,2026-04-05_12-45-45.418,2026-04-05_12-45-46.944,2026-04-05_12-45-48.412,2026-04-05_12-45-48.997
336,101,336,yellow,red,left,TRUE,2026-04-05_12-45-53.122,2026-04-05_12-45-54.643,2026-04-05_12-45-56.296,2026-04-05_12-45-57.125
337,101,337,red,green,left,TRUE,2026-04-05_12-46-01.575,2026-04-05_12-46-03.095,2026-04-05_12-46-04.843,2026-04-05_12-46-05.662
338,101,338,kitchen,kitchen,right,TRUE,2026-04-05_12-46-10.545,2026-04-05_12-46-12.062,2026-04-05_12-46-14.053,2026-04-05_12-46-14.790
339,101,339,living_room,kitchen,left,TRUE,2026-04-05_12-46-19.168,2026-04-05_12-46-20.685,2026-04-05_12-46-21.774,2026-04-05_12-46-22.421
340,101,340,yellow,red,left,TRUE,2026-04-05_12-46-26.279,2026-04-05_12-46-27.803,2026-04-05_12-46-29.069,2026-04-05_12-46-29.877
341,101,341,red,red,right,TRUE,2026-04-05_12-46-34.438,2026-04-05_12-46-35.960,2026-04-05_12-46-37.250,2026-04-05_12-46-38.013
342,101,342,kitchen,kitchen,right,TRUE,2026-04-05_12-46-41.852,2026-04-05_12-46-43.368,2026-04-05_12-46-44.469,2026-04-05_12-46-45.045
343,101,343,green,green,right,TRUE,2026-04-05_12-46-50.069,2026-04-05_12-46-51.587,2026-04-05_12-46-53.627,2026-04-05_12-46-54.205
344,101,344,bathroom,living_room,left,TRUE,2026-04-05_12-46-59.403,2026-04-05_12-47-00.928,2026-04-05_12-47-02.164,2026-04-05_12-47-02.917
345,101,345,red,red,right,TRUE,2026-04-05_12-47-08.102,2026-04-05_12-47-09.618,2026-04-05_12-47-11.388,2026-04-05_12-47-11.821
346,101,346,yellow,green,left,TRUE,2026-04-05_12-47-17.148,2026-04-05_12-47-18.670,2026-04-05_12-47-20.155,2026-04-05_12-47-20.837
347,101,347,living_room,kitchen,left,TRUE,2026-04-05_12-47-25.954,2026-04-05_12-47-27.477,2026-04-05_12-47-29.012,2026-04-05_12-47-29.709
348,101,348,living_room,bathroom,left,TRUE,2026-04-05_12-47-33.693,2026-04-05_12-47-35.219,2026-04-05_12-47-36.255,2026-04-05_12-47-36.917
349,101,349,red,green,left,TRUE,2026-04-05_12-47-42.874,2026-04-05_12-47-44.394,2026-04-05_12-47-45.578,2026-04-05_12-47-46.205
350,101,350,living_room,living_room,right,TRUE,2026-04-05_12-48-21.477,2026-04-05_12-48-23.002,2026-04-05_12-48-24.663,2026-04-05_12-48-25.181
351,101,351,living_room,bathroom,left,TRUE,2026-04-05_12-48-30.626,2026-04-05_12-48-32.143,2026-04-05_12-48-33.405,2026-04-05_12-48-33.989
352,101,352,red,red,right,TRUE,2026-04-05_12-48-39.557,2026-04-05_12-48-41.078,2026-04-05_12-48-42.945,2026-04-05_12-48-43.430
353,101,353,yellow,green,left,TRUE,2026-04-05_12-48-48.414,2026-04-05_12-48-49.936,2026-04-05_12-48-51.954,2026-04-05_12-48-52.501
354,101,354,red,yellow,left,TRUE,2026-04-05_12-48-56.999,2026-04-05_12-48-58.518,2026-04-05_12-49-00.392,2026-04-05_12-49-01.773
355,101,355,kitchen,living_room,left,TRUE,2026-04-05_12-49-07.022,2026-04-05_12-49-08.544,2026-04-05_12-49-09.768,2026-04-05_12-49-10.309
356,101,356,kitchen,bathroom,left,TRUE,2026-04-05_12-49-15.154,2026-04-05_12-49-16.678,2026-04-05_12-49-18.644,2026-04-05_12-49-19.253
357,101,357,living_room,living_room,right,TRUE,2026-04-05_12-49-23.291,2026-04-05_12-49-24.811,2026-04-05_12-49-26.690,2026-04-05_12-49-27.325
358,101,358,green,yellow,left,TRUE,2026-04-05_12-49-33.108,2026-04-05_12-49-34.627,2026-04-05_12-49-36.338,2026-04-05_12-49-36.981
359,101,359,bathroom,bathroom,right,TRUE,2026-04-05_12-49-40.663,2026-04-05_12-49-42.187,2026-04-05_12-49-43.578,2026-04-05_12-49-44.166
360,101,360,yellow,yellow,right,TRUE,2026-04-05_12-49-47.807,2026-04-05_12-49-49.328,2026-04-05_12-49-50.961,2026-04-05_12-49-51.349
361,101,361,green,red,left,TRUE,2026-04-05_12-49-55.075,2026-04-05_12-49-56.595,2026-04-05_12-49-57.974,2026-04-05_12-49-58.597
362,101,362,red,red,right,TRUE,2026-04-05_12-50-02.751,2026-04-05_12-50-04.269,2026-04-05_12-50-06.140,2026-04-05_12-50-06.725
363,101,363,kitchen,bathroom,left,TRUE,2026-04-05_12-50-10.160,2026-04-05_12-50-11.677,2026-04-05_12-50-13.520,2026-04-05_12-50-14.029
364,101,364,green,green,right,TRUE,2026-04-05_12-50-18.020,2026-04-05_12-50-19.536,2026-04-05_12-50-21.171,2026-04-05_12-50-21.702
365,101,365,kitchen,kitchen,right,TRUE,2026-04-05_12-50-25.885,2026-04-05_12-50-27.404,2026-04-05_12-50-28.857,2026-04-05_12-50-29.502
366,101,366,yellow,yellow,right,TRUE,2026-04-05_12-50-33.463,2026-04-05_12-50-34.985,2026-04-05_12-50-36.119,2026-04-05_12-50-36.581
367,101,367,green,red,left,TRUE,2026-04-05_12-50-41.329,2026-04-05_12-50-42.852,2026-04-05_12-50-44.360,2026-04-05_12-50-44.917
368,101,368,green,red,left,TRUE,2026-04-05_12-50-48.341,2026-04-05_12-50-49.861,2026-04-05_12-50-51.124,2026-04-05_12-50-51.893
369,101,369,kitchen,living_room,left,TRUE,2026-04-05_12-50-55.813,2026-04-05_12-50-57.337,2026-04-05_12-50-58.651,2026-04-05_12-50-59.285
370,101,370,red,red,right,TRUE,2026-04-05_12-51-04.131,2026-04-05_12-51-05.652,2026-04-05_12-51-06.945,2026-04-05_12-51-07.597
371,101,371,living_room,bathroom,left,TRUE,2026-04-05_12-51-12.629,2026-04-05_12-51-14.153,2026-04-05_12-51-15.997,2026-04-05_12-51-16.437
372,101,372,yellow,red,left,TRUE,2026-04-05_12-51-21.606,2026-04-05_12-51-23.128,2026-04-05_12-51-24.993,2026-04-05_12-51-25.725
373,101,373,kitchen,kitchen,right,TRUE,2026-04-05_12-51-29.720,2026-04-05_12-51-31.237,2026-04-05_12-51-33.267,2026-04-05_12-51-33.861
374,101,374,kitchen,kitchen,right,TRUE,2026-04-05_12-51-38.849,2026-04-05_12-51-40.369,2026-04-05_12-51-41.496,2026-04-05_12-51-42.173
375,101,375,bathroom,bathroom,right,TRUE,2026-04-05_12-51-47.317,2026-04-05_12-51-48.837,2026-04-05_12-51-50.756,2026-04-05_12-51-51.493
376,101,376,yellow,yellow,right,TRUE,2026-04-05_12-51-54.883,2026-04-05_12-51-56.403,2026-04-05_12-51-57.445,2026-04-05_12-51-57.933
377,101,377,bathroom,living_room,left,TRUE,2026-04-05_12-52-01.903,2026-04-05_12-52-03.420,2026-04-05_12-52-04.969,2026-04-05_12-52-06.093
378,101,378,yellow,yellow,right,TRUE,2026-04-05_12-52-11.466,2026-04-05_12-52-12.985,2026-04-05_12-52-14.513,2026-04-05_12-52-15.133
379,101,379,bathroom,kitchen,left,TRUE,2026-04-05_12-52-20.942,2026-04-05_12-52-22.460,2026-04-05_12-52-23.550,2026-04-05_12-52-24.261
380,101,380,red,yellow,left,TRUE,2026-04-05_12-52-29.093,2026-04-05_12-52-30.610,2026-04-05_12-52-32.236,2026-04-05_12-52-32.733
381,101,381,yellow,green,left,TRUE,2026-04-05_12-52-38.282,2026-04-05_12-52-39.803,2026-04-05_12-52-41.821,2026-04-05_12-52-42.437
382,101,382,living_room,living_room,right,TRUE,2026-04-05_12-52-47.656,2026-04-05_12-52-49.177,2026-04-05_12-52-51.126,2026-04-05_12-52-51.789
383,101,383,yellow,red,left,TRUE,2026-04-05_12-52-56.520,2026-04-05_12-52-58.045,2026-04-05_12-52-59.262,2026-04-05_12-52-59.885
384,101,384,living_room,kitchen,left,TRUE,2026-04-05_12-53-05.309,2026-04-05_12-53-06.828,2026-04-05_12-53-08.857,2026-04-05_12-53-09.837
385,101,385,red,yellow,left,TRUE,2026-04-05_12-53-14.027,2026-04-05_12-53-15.545,2026-04-05_12-53-17.387,2026-04-05_12-53-18.045
386,101,386,kitchen,living_room,left,TRUE,2026-04-05_12-53-22.608,2026-04-05_12-53-24.128,2026-04-05_12-53-25.907,2026-04-05_12-53-26.733
387,101,387,green,red,left,TRUE,2026-04-05_12-53-31.800,2026-04-05_12-53-33.319,2026-04-05_12-53-34.447,2026-04-05_12-53-35.909
388,101,388,red,yellow,left,TRUE,2026-04-05_12-53-40.043,2026-04-05_12-53-41.561,2026-04-05_12-53-42.926,2026-04-05_12-53-43.493
389,101,389,yellow,yellow,right,TRUE,2026-04-05_12-53-47.391,2026-04-05_12-53-48.911,2026-04-05_12-53-50.485,2026-04-05_12-53-51.013
390,101,390,living_room,bathroom,left,TRUE,2026-04-05_12-53-56.008,2026-04-05_12-53-57.527,2026-04-05_12-53-58.554,2026-04-05_12-53-59.325
391,101,391,green,green,right,TRUE,2026-04-05_12-54-04.298,2026-04-05_12-54-05.820,2026-04-05_12-54-07.039,2026-04-05_12-54-08.293
392,101,392,living_room,kitchen,left,TRUE,2026-04-05_12-54-11.822,2026-04-05_12-54-13.343,2026-04-05_12-54-14.550,2026-04-05_12-54-15.397
393,101,393,yellow,green,left,TRUE,2026-04-05_12-54-19.849,2026-04-05_12-54-21.369,2026-04-05_12-54-22.601,2026-04-05_12-54-23.212
394,101,394,kitchen,kitchen,right,TRUE,2026-04-05_12-54-26.508,2026-04-05_12-54-28.028,2026-04-05_12-54-29.186,2026-04-05_12-54-29.621
395,101,395,yellow,green,left,TRUE,2026-04-05_12-54-33.704,2026-04-05_12-54-35.228,2026-04-05_12-54-36.701,2026-04-05_12-54-37.436
396,101,396,yellow,yellow,right,TRUE,2026-04-05_12-54-41.888,2026-04-05_12-54-43.411,2026-04-05_12-54-44.945,2026-04-05_12-54-45.565
397,101,397,bathroom,bathroom,right,TRUE,2026-04-05_12-54-50.790,2026-04-05_12-54-52.312,2026-04-05_12-54-53.379,2026-04-05_12-54-53.965
398,101,398,living_room,bathroom,left,TRUE,2026-04-05_12-54-58.153,2026-04-05_12-54-59.677,2026-04-05_12-55-01.091,2026-04-05_12-55-01.805
399,101,399,bathroom,bathroom,right,TRUE,2026-04-05_12-55-06.068,2026-04-05_12-55-07.587,2026-04-05_12-55-09.431,2026-04-05_12-55-10.205
400,101,400,kitchen,kitchen,right,TRUE,2026-04-05_12-55-57.023,2026-04-05_12-55-58.544,2026-04-05_12-56-00.097,2026-04-05_12-56-00.596
401,101,401,red,red,right,TRUE,2026-04-05_12-56-05.846,2026-04-05_12-56-07.361,2026-04-05_12-56-08.718,2026-04-05_12-56-09.125
402,101,402,living_room,living_room,right,TRUE,2026-04-05_12-56-13.591,2026-04-05_12-56-15.112,2026-04-05_12-56-17.098,2026-04-05_12-56-17.541
403,101,403,green,yellow,left,TRUE,2026-04-05_12-56-22.093,2026-04-05_12-56-23.610,2026-04-05_12-56-25.540,2026-04-05_12-56-26.293
404,101,404,bathroom,bathroom,right,TRUE,2026-04-05_12-56-32.152,2026-04-05_12-56-33.669,2026-04-05_12-56-35.575,2026-04-05_12-56-36.053
405,101,405,bathroom,bathroom,right,TRUE,2026-04-05_12-56-40.177,2026-04-05_12-56-41.694,2026-04-05_12-56-43.695,2026-04-05_12-56-44.372
406,101,406,green,yellow,left,TRUE,2026-04-05_12-56-49.897,2026-04-05_12-56-51.420,2026-04-05_12-56-53.336,2026-04-05_12-56-53.860
407,101,407,yellow,green,left,TRUE,2026-04-05_12-56-58.417,2026-04-05_12-56-59.936,2026-04-05_12-57-01.609,2026-04-05_12-57-02.156
408,101,408,red,green,left,TRUE,2026-04-05_12-57-05.686,2026-04-05_12-57-07.202,2026-04-05_12-57-08.738,2026-04-05_12-57-09.268
409,101,409,living_room,kitchen,left,TRUE,2026-04-05_12-57-12.937,2026-04-05_12-57-14.461,2026-04-05_12-57-16.412,2026-04-05_12-57-16.981
410,101,410,green,yellow,left,TRUE,2026-04-05_12-57-21.550,2026-04-05_12-57-23.069,2026-04-05_12-57-24.187,2026-04-05_12-57-24.797
411,101,411,red,red,right,TRUE,2026-04-05_12-57-28.305,2026-04-05_12-57-29.827,2026-04-05_12-57-31.175,2026-04-05_12-57-31.716
412,101,412,yellow,green,left,TRUE,2026-04-05_12-57-36.171,2026-04-05_12-57-37.695,2026-04-05_12-57-38.834,2026-04-05_12-57-39.605
413,101,413,kitchen,kitchen,right,TRUE,2026-04-05_12-57-44.832,2026-04-05_12-57-46.352,2026-04-05_12-57-48.208,2026-04-05_12-57-48.725
414,101,414,kitchen,kitchen,right,TRUE,2026-04-05_12-57-53.306,2026-04-05_12-57-54.828,2026-04-05_12-57-56.703,2026-04-05_12-57-57.420
415,101,415,yellow,red,left,TRUE,2026-04-05_12-58-02.395,2026-04-05_12-58-03.920,2026-04-05_12-58-05.481,2026-04-05_12-58-06.060
416,101,416,bathroom,kitchen,left,TRUE,2026-04-05_12-58-10.568,2026-04-05_12-58-12.087,2026-04-05_12-58-13.806,2026-04-05_12-58-14.428
417,101,417,yellow,green,left,TRUE,2026-04-05_12-58-17.825,2026-04-05_12-58-19.345,2026-04-05_12-58-21.041,2026-04-05_12-58-21.621
418,101,418,bathroom,bathroom,right,TRUE,2026-04-05_12-58-25.789,2026-04-05_12-58-27.311,2026-04-05_12-58-29.020,2026-04-05_12-58-29.741
419,101,419,kitchen,kitchen,right,TRUE,2026-04-05_12-58-35.236,2026-04-05_12-58-36.754,2026-04-05_12-58-38.088,2026-04-05_12-58-38.549
420,101,420,red,red,right,TRUE,2026-04-05_12-58-44.428,2026-04-05_12-58-45.945,2026-04-05_12-58-47.164,2026-04-05_12-58-47.748
421,101,421,green,red,left,TRUE,2026-04-05_12-58-52.859,2026-04-05_12-58-54.377,2026-04-05_12-58-56.159,2026-04-05_12-58-56.716
422,101,422,green,red,left,TRUE,2026-04-05_12-59-01.061,2026-04-05_12-59-02.578,2026-04-05_12-59-04.004,2026-04-05_12-59-04.621
423,101,423,bathroom,bathroom,right,TRUE,2026-04-05_12-59-08.308,2026-04-05_12-59-09.828,2026-04-05_12-59-10.972,2026-04-05_12-59-11.854
424,101,424,bathroom,bathroom,right,TRUE,2026-04-05_12-59-15.206,2026-04-05_12-59-16.727,2026-04-05_12-59-18.586,2026-04-05_12-59-19.084
425,101,425,red,green,left,TRUE,2026-04-05_12-59-22.753,2026-04-05_12-59-24.269,2026-04-05_12-59-25.442,2026-04-05_12-59-26.181
426,101,426,living_room,living_room,right,TRUE,2026-04-05_12-59-30.110,2026-04-05_12-59-31.627,2026-04-05_12-59-33.625,2026-04-05_12-59-34.301
427,101,427,bathroom,living_room,left,TRUE,2026-04-05_12-59-38.237,2026-04-05_12-59-39.760,2026-04-05_12-59-40.999,2026-04-05_12-59-41.596
428,101,428,kitchen,living_room,left,TRUE,2026-04-05_12-59-46.454,2026-04-05_12-59-47.978,2026-04-05_12-59-49.658,2026-04-05_12-59-50.204
429,101,429,red,red,right,TRUE,2026-04-05_12-59-54.993,2026-04-05_12-59-56.510,2026-04-05_12-59-57.630,2026-04-05_12-59-58.396
430,101,430,yellow,green,left,TRUE,2026-04-05_13-00-02.773,2026-04-05_13-00-04.295,2026-04-05_13-00-05.502,2026-04-05_13-00-07.269
431,101,431,green,yellow,left,TRUE,2026-04-05_13-00-12.941,2026-04-05_13-00-14.511,2026-04-05_13-00-16.474,2026-04-05_13-00-17.100
432,101,432,yellow,green,left,TRUE,2026-04-05_13-00-22.176,2026-04-05_13-00-23.694,2026-04-05_13-00-25.306,2026-04-05_13-00-25.844
433,101,433,yellow,green,left,TRUE,2026-04-05_13-00-30.663,2026-04-05_13-00-32.187,2026-04-05_13-00-33.619,2026-04-05_13-00-34.372
434,101,434,bathroom,living_room,right,FALSE,2026-04-05_13-00-38.696,2026-04-05_13-00-40.220,2026-04-05_13-00-41.715,2026-04-05_13-00-44.645
435,101,435,red,green,left,TRUE,2026-04-05_13-00-51.391,2026-04-05_13-00-52.911,2026-04-05_13-00-54.656,2026-04-05_13-00-55.156
436,101,436,kitchen,kitchen,right,TRUE,2026-04-05_13-01-00.508,2026-04-05_13-01-02.028,2026-04-05_13-01-03.364,2026-04-05_13-01-03.908
437,101,437,green,green,right,TRUE,2026-04-05_13-01-07.848,2026-04-05_13-01-09.370,2026-04-05_13-01-10.457,2026-04-05_13-01-10.949
438,101,438,green,green,right,TRUE,2026-04-05_13-01-15.054,2026-04-05_13-01-16.579,2026-04-05_13-01-18.594,2026-04-05_13-01-19.037
439,101,439,kitchen,kitchen,right,TRUE,2026-04-05_13-01-22.593,2026-04-05_13-01-24.110,2026-04-05_13-01-25.978,2026-04-05_13-01-26.501
440,101,440,red,red,right,TRUE,2026-04-05_13-01-31.530,2026-04-05_13-01-33.054,2026-04-05_13-01-34.513,2026-04-05_13-01-35.124
441,101,441,kitchen,living_room,left,TRUE,2026-04-05_13-01-40.302,2026-04-05_13-01-41.819,2026-04-05_13-01-43.150,2026-04-05_13-01-44.148
442,101,442,living_room,living_room,right,TRUE,2026-04-05_13-01-48.402,2026-04-05_13-01-49.919,2026-04-05_13-01-51.017,2026-04-05_13-01-51.452
443,101,443,kitchen,kitchen,right,TRUE,2026-04-05_13-01-57.046,2026-04-05_13-01-58.570,2026-04-05_13-02-00.044,2026-04-05_13-02-00.509
444,101,444,living_room,bathroom,left,TRUE,2026-04-05_13-02-06.537,2026-04-05_13-02-08.060,2026-04-05_13-02-09.145,2026-04-05_13-02-09.700
445,101,445,green,red,left,TRUE,2026-04-05_13-02-14.238,2026-04-05_13-02-15.761,2026-04-05_13-02-16.786,2026-04-05_13-02-18.012
446,101,446,kitchen,bathroom,left,TRUE,2026-04-05_13-02-22.421,2026-04-05_13-02-23.946,2026-04-05_13-02-25.320,2026-04-05_13-02-25.813
447,101,447,green,green,right,TRUE,2026-04-05_13-02-31.418,2026-04-05_13-02-32.936,2026-04-05_13-02-34.649,2026-04-05_13-02-35.277
448,101,448,yellow,yellow,right,TRUE,2026-04-05_13-02-39.869,2026-04-05_13-02-41.385,2026-04-05_13-02-43.340,2026-04-05_13-02-43.796
449,101,449,bathroom,bathroom,right,TRUE,2026-04-05_13-02-47.620,2026-04-05_13-02-49.145,2026-04-05_13-02-50.998,2026-04-05_13-02-51.484
450,101,450,bathroom,bathroom,right,TRUE,2026-04-05_13-03-20.399,2026-04-05_13-03-21.920,2026-04-05_13-03-23.444,2026-04-05_13-03-23.940
451,101,451,red,red,right,TRUE,2026-04-05_13-03-28.892,2026-04-05_13-03-30.412,2026-04-05_13-03-32.258,2026-04-05_13-03-32.804
452,101,452,green,yellow,left,TRUE,2026-04-05_13-03-36.867,2026-04-05_13-03-38.386,2026-04-05_13-03-39.761,2026-04-05_13-03-40.316
453,101,453,red,red,right,TRUE,2026-04-05_13-03-43.955,2026-04-05_13-03-45.478,2026-04-05_13-03-46.887,2026-04-05_13-03-47.308
454,101,454,bathroom,bathroom,right,TRUE,2026-04-05_13-03-51.388,2026-04-05_13-03-52.912,2026-04-05_13-03-54.292,2026-04-05_13-03-54.916
455,101,455,green,red,left,TRUE,2026-04-05_13-03-59.030,2026-04-05_13-04-00.553,2026-04-05_13-04-02.240,2026-04-05_13-04-02.828
456,101,456,red,red,right,TRUE,2026-04-05_13-04-06.444,2026-04-05_13-04-07.961,2026-04-05_13-04-09.885,2026-04-05_13-04-10.436
457,101,457,green,green,right,TRUE,2026-04-05_13-04-14.518,2026-04-05_13-04-16.036,2026-04-05_13-04-17.735,2026-04-05_13-04-18.292
458,101,458,living_room,living_room,right,TRUE,2026-04-05_13-04-21.718,2026-04-05_13-04-23.236,2026-04-05_13-04-25.013,2026-04-05_13-04-25.460
459,101,459,red,yellow,left,TRUE,2026-04-05_13-04-29.164,2026-04-05_13-04-30.687,2026-04-05_13-04-32.547,2026-04-05_13-04-33.188
460,101,460,red,red,right,TRUE,2026-04-05_13-04-37.978,2026-04-05_13-04-39.494,2026-04-05_13-04-40.845,2026-04-05_13-04-41.508
461,101,461,living_room,living_room,right,TRUE,2026-04-05_13-04-46.844,2026-04-05_13-04-48.361,2026-04-05_13-04-49.865,2026-04-05_13-04-50.332
462,101,462,kitchen,kitchen,right,TRUE,2026-04-05_13-04-55.638,2026-04-05_13-04-57.162,2026-04-05_13-04-59.139,2026-04-05_13-04-59.636
463,101,463,living_room,kitchen,left,TRUE,2026-04-05_13-05-04.260,2026-04-05_13-05-05.778,2026-04-05_13-05-07.758,2026-04-05_13-05-08.532
464,101,464,living_room,bathroom,left,TRUE,2026-04-05_13-05-13.042,2026-04-05_13-05-14.561,2026-04-05_13-05-16.157,2026-04-05_13-05-16.676
465,101,465,bathroom,bathroom,right,TRUE,2026-04-05_13-05-20.291,2026-04-05_13-05-21.811,2026-04-05_13-05-23.521,2026-04-05_13-05-23.980
466,101,466,bathroom,kitchen,left,TRUE,2026-04-05_13-05-28.399,2026-04-05_13-05-29.919,2026-04-05_13-05-31.350,2026-04-05_13-05-31.916
467,101,467,living_room,kitchen,left,TRUE,2026-04-05_13-05-36.544,2026-04-05_13-05-38.060,2026-04-05_13-05-39.857,2026-04-05_13-05-40.564
468,101,468,green,red,left,TRUE,2026-04-05_13-05-44.692,2026-04-05_13-05-46.212,2026-04-05_13-05-47.996,2026-04-05_13-05-48.612
469,101,469,living_room,living_room,right,TRUE,2026-04-05_13-05-54.290,2026-04-05_13-05-55.811,2026-04-05_13-05-57.090,2026-04-05_13-05-57.628
470,101,470,bathroom,bathroom,right,TRUE,2026-04-05_13-06-01.412,2026-04-05_13-06-02.936,2026-04-05_13-06-04.264,2026-04-05_13-06-04.844
471,101,471,green,green,right,TRUE,2026-04-05_13-06-10.041,2026-04-05_13-06-11.562,2026-04-05_13-06-13.402,2026-04-05_13-06-14.012
472,101,472,red,yellow,left,TRUE,2026-04-05_13-06-18.662,2026-04-05_13-06-20.179,2026-04-05_13-06-21.949,2026-04-05_13-06-22.572
473,101,473,green,red,left,TRUE,2026-04-05_13-06-27.829,2026-04-05_13-06-29.344,2026-04-05_13-06-31.324,2026-04-05_13-06-31.996
474,101,474,living_room,bathroom,left,TRUE,2026-04-05_13-06-36.779,2026-04-05_13-06-38.303,2026-04-05_13-06-40.095,2026-04-05_13-06-40.604
475,101,475,green,red,left,TRUE,2026-04-05_13-06-45.303,2026-04-05_13-06-46.828,2026-04-05_13-06-48.235,2026-04-05_13-06-49.020
476,101,476,living_room,living_room,right,TRUE,2026-04-05_13-06-54.082,2026-04-05_13-06-55.603,2026-04-05_13-06-56.894,2026-04-05_13-06-57.396
477,101,477,red,red,right,TRUE,2026-04-05_13-07-01.396,2026-04-05_13-07-02.919,2026-04-05_13-07-04.398,2026-04-05_13-07-04.996
478,101,478,yellow,red,left,TRUE,2026-04-05_13-07-09.122,2026-04-05_13-07-10.644,2026-04-05_13-07-11.844,2026-04-05_13-07-12.564
479,101,479,red,green,left,TRUE,2026-04-05_13-07-16.662,2026-04-05_13-07-18.177,2026-04-05_13-07-19.296,2026-04-05_13-07-20.668
480,101,480,kitchen,living_room,left,TRUE,2026-04-05_13-07-25.629,2026-04-05_13-07-27.153,2026-04-05_13-07-28.212,2026-04-05_13-07-28.796
481,101,481,red,red,right,TRUE,2026-04-05_13-07-34.309,2026-04-05_13-07-35.828,2026-04-05_13-07-37.570,2026-04-05_13-07-37.955
482,101,482,yellow,yellow,right,TRUE,2026-04-05_13-07-42.579,2026-04-05_13-07-44.102,2026-04-05_13-07-45.154,2026-04-05_13-07-45.635
483,101,483,yellow,yellow,right,TRUE,2026-04-05_13-07-49.459,2026-04-05_13-07-50.978,2026-04-05_13-07-52.430,2026-04-05_13-07-52.892
484,101,484,green,red,left,TRUE,2026-04-05_13-07-57.993,2026-04-05_13-07-59.512,2026-04-05_13-08-01.255,2026-04-05_13-08-01.796
485,101,485,red,green,left,TRUE,2026-04-05_13-08-06.204,2026-04-05_13-08-07.720,2026-04-05_13-08-09.292,2026-04-05_13-08-10.027
486,101,486,kitchen,living_room,left,TRUE,2026-04-05_13-08-15.566,2026-04-05_13-08-17.087,2026-04-05_13-08-19.100,2026-04-05_13-08-19.700
487,101,487,kitchen,kitchen,right,TRUE,2026-04-05_13-08-23.508,2026-04-05_13-08-25.029,2026-04-05_13-08-26.766,2026-04-05_13-08-27.228
488,101,488,living_room,living_room,right,TRUE,2026-04-05_13-08-32.227,2026-04-05_13-08-33.745,2026-04-05_13-08-34.935,2026-04-05_13-08-35.516
489,101,489,green,red,left,TRUE,2026-04-05_13-08-40.953,2026-04-05_13-08-42.470,2026-04-05_13-08-44.296,2026-04-05_13-08-45.268
490,101,490,living_room,living_room,right,TRUE,2026-04-05_13-08-49.763,2026-04-05_13-08-51.286,2026-04-05_13-08-53.137,2026-04-05_13-08-53.715
491,101,491,green,green,right,TRUE,2026-04-05_13-08-59.575,2026-04-05_13-09-01.095,2026-04-05_13-09-02.171,2026-04-05_13-09-02.956
492,101,492,red,red,right,TRUE,2026-04-05_13-09-08.212,2026-04-05_13-09-09.729,2026-04-05_13-09-10.911,2026-04-05_13-09-11.419
493,101,493,red,yellow,left,TRUE,2026-04-05_13-09-15.964,2026-04-05_13-09-17.487,2026-04-05_13-09-19.440,2026-04-05_13-09-19.980
494,101,494,yellow,green,left,TRUE,2026-04-05_13-09-23.945,2026-04-05_13-09-25.470,2026-04-05_13-09-26.715,2026-04-05_13-09-27.396
495,101,495,red,red,right,TRUE,2026-04-05_13-09-32.552,2026-04-05_13-09-34.070,2026-04-05_13-09-35.292,2026-04-05_13-09-35.844
496,101,496,green,yellow,left,TRUE,2026-04-05_13-09-41.177,2026-04-05_13-09-42.696,2026-04-05_13-09-44.388,2026-04-05_13-09-45.052
497,101,497,yellow,green,left,TRUE,2026-04-05_13-09-49.493,2026-04-05_13-09-51.012,2026-04-05_13-09-52.537,2026-04-05_13-09-53.107
498,101,498,yellow,yellow,right,TRUE,2026-04-05_13-09-58.966,2026-04-05_13-10-00.486,2026-04-05_13-10-01.770,2026-04-05_13-10-02.980
499,101,499,kitchen,bathroom,left,TRUE,2026-04-05_13-10-06.773,2026-04-05_13-10-08.295,2026-04-05_13-10-09.764,2026-04-05_13-10-10.356
500,101,500,bathroom,bathroom,right,TRUE,2026-04-05_13-10-28.615,2026-04-05_13-10-30.137,2026-04-05_13-10-31.707,2026-04-05_13-10-32.587
501,101,501,green,green,right,TRUE,2026-04-05_13-10-35.898,2026-04-05_13-10-37.420,2026-04-05_13-10-38.592,2026-04-05_13-10-39.092
502,101,502,bathroom,bathroom,right,TRUE,2026-04-05_13-10-43.763,2026-04-05_13-10-45.287,2026-04-05_13-10-47.092,2026-04-05_13-10-47.547
503,101,503,living_room,kitchen,left,TRUE,2026-04-05_13-10-52.769,2026-04-05_13-10-54.294,2026-04-05_13-10-56.291,2026-04-05_13-10-56.955
504,101,504,green,red,left,TRUE,2026-04-05_13-11-01.051,2026-04-05_13-11-02.570,2026-04-05_13-11-04.113,2026-04-05_13-11-04.708
505,101,505,living_room,living_room,right,TRUE,2026-04-05_13-11-09.644,2026-04-05_13-11-11.161,2026-04-05_13-11-12.458,2026-04-05_13-11-12.892
506,101,506,green,green,right,TRUE,2026-04-05_13-11-16.382,2026-04-05_13-11-17.903,2026-04-05_13-11-19.050,2026-04-05_13-11-19.443
507,101,507,living_room,living_room,right,TRUE,2026-04-05_13-11-24.012,2026-04-05_13-11-25.537,2026-04-05_13-11-26.981,2026-04-05_13-11-27.675
508,101,508,bathroom,bathroom,right,TRUE,2026-04-05_13-11-31.683,2026-04-05_13-11-33.204,2026-04-05_13-11-34.712,2026-04-05_13-11-35.164
509,101,509,red,red,right,TRUE,2026-04-05_13-11-39.216,2026-04-05_13-11-40.736,2026-04-05_13-11-42.020,2026-04-05_13-11-42.628
510,101,510,yellow,yellow,right,TRUE,2026-04-05_13-11-48.468,2026-04-05_13-11-49.987,2026-04-05_13-11-51.741,2026-04-05_13-11-52.300
511,101,511,kitchen,kitchen,right,TRUE,2026-04-05_13-11-56.391,2026-04-05_13-11-57.911,2026-04-05_13-11-59.253,2026-04-05_13-11-59.651
512,101,512,bathroom,bathroom,right,TRUE,2026-04-05_13-12-03.376,2026-04-05_13-12-04.895,2026-04-05_13-12-06.091,2026-04-05_13-12-06.555
513,101,513,bathroom,bathroom,right,TRUE,2026-04-05_13-12-10.595,2026-04-05_13-12-12.111,2026-04-05_13-12-13.696,2026-04-05_13-12-14.291
514,101,514,kitchen,kitchen,right,TRUE,2026-04-05_13-12-18.993,2026-04-05_13-12-20.512,2026-04-05_13-12-21.706,2026-04-05_13-12-23.196
515,101,515,bathroom,living_room,left,TRUE,2026-04-05_13-12-27.815,2026-04-05_13-12-29.337,2026-04-05_13-12-31.167,2026-04-05_13-12-31.716
516,101,516,yellow,yellow,right,TRUE,2026-04-05_13-12-35.200,2026-04-05_13-12-36.720,2026-04-05_13-12-38.101,2026-04-05_13-12-38.603
517,101,517,red,red,right,TRUE,2026-04-05_13-12-43.666,2026-04-05_13-12-45.187,2026-04-05_13-12-46.496,2026-04-05_13-12-46.907
518,101,518,yellow,green,left,TRUE,2026-04-05_13-12-52.478,2026-04-05_13-12-53.995,2026-04-05_13-12-55.538,2026-04-05_13-12-56.180
519,101,519,green,green,right,TRUE,2026-04-05_13-12-59.967,2026-04-05_13-13-01.486,2026-04-05_13-13-03.253,2026-04-05_13-13-03.691
520,101,520,yellow,yellow,right,TRUE,2026-04-05_13-13-09.329,2026-04-05_13-13-10.845,2026-04-05_13-13-12.221,2026-04-05_13-13-12.603
521,101,521,yellow,yellow,right,TRUE,2026-04-05_13-13-17.026,2026-04-05_13-13-18.546,2026-04-05_13-13-20.210,2026-04-05_13-13-20.772
522,101,522,living_room,bathroom,left,TRUE,2026-04-05_13-13-24.716,2026-04-05_13-13-26.236,2026-04-05_13-13-27.836,2026-04-05_13-13-28.355
523,101,523,green,green,right,TRUE,2026-04-05_13-13-32.515,2026-04-05_13-13-34.037,2026-04-05_13-13-35.518,2026-04-05_13-13-35.988
524,101,524,green,green,right,TRUE,2026-04-05_13-13-40.473,2026-04-05_13-13-41.995,2026-04-05_13-13-43.588,2026-04-05_13-13-43.911
525,101,525,yellow,red,left,TRUE,2026-04-05_13-13-49.047,2026-04-05_13-13-50.570,2026-04-05_13-13-51.612,2026-04-05_13-13-52.452
526,101,526,living_room,living_room,right,TRUE,2026-04-05_13-13-57.170,2026-04-05_13-13-58.688,2026-04-05_13-14-00.598,2026-04-05_13-14-01.403
527,101,527,bathroom,kitchen,left,TRUE,2026-04-05_13-14-05.371,2026-04-05_13-14-06.895,2026-04-05_13-14-08.690,2026-04-05_13-14-09.331
528,101,528,green,red,left,TRUE,2026-04-05_13-14-13.396,2026-04-05_13-14-14.920,2026-04-05_13-14-16.050,2026-04-05_13-14-16.548
529,101,529,yellow,green,left,TRUE,2026-04-05_13-14-21.792,2026-04-05_13-14-23.311,2026-04-05_13-14-24.893,2026-04-05_13-14-25.483
530,101,530,kitchen,kitchen,right,TRUE,2026-04-05_13-14-29.619,2026-04-05_13-14-31.145,2026-04-05_13-14-33.156,2026-04-05_13-14-33.683
531,101,531,yellow,yellow,right,TRUE,2026-04-05_13-14-38.916,2026-04-05_13-14-40.436,2026-04-05_13-14-41.600,2026-04-05_13-14-42.148
532,101,532,kitchen,living_room,left,TRUE,2026-04-05_13-14-45.651,2026-04-05_13-14-47.171,2026-04-05_13-14-48.899,2026-04-05_13-14-49.987
533,101,533,living_room,kitchen,left,TRUE,2026-04-05_13-14-54.047,2026-04-05_13-14-55.569,2026-04-05_13-14-57.078,2026-04-05_13-14-57.668
534,101,534,living_room,living_room,right,TRUE,2026-04-05_13-15-03.484,2026-04-05_13-15-05.003,2026-04-05_13-15-06.581,2026-04-05_13-15-07.427
535,101,535,yellow,red,left,TRUE,2026-04-05_13-15-12.283,2026-04-05_13-15-13.803,2026-04-05_13-15-15.303,2026-04-05_13-15-15.820
536,101,536,living_room,bathroom,left,TRUE,2026-04-05_13-15-20.482,2026-04-05_13-15-22.003,2026-04-05_13-15-23.575,2026-04-05_13-15-24.604
537,101,537,red,green,left,TRUE,2026-04-05_13-15-29.963,2026-04-05_13-15-31.478,2026-04-05_13-15-32.699,2026-04-05_13-15-33.508
538,101,538,living_room,bathroom,left,TRUE,2026-04-05_13-15-38.423,2026-04-05_13-15-39.945,2026-04-05_13-15-41.793,2026-04-05_13-15-42.619
539,101,539,red,red,right,TRUE,2026-04-05_13-15-46.772,2026-04-05_13-15-48.288,2026-04-05_13-15-50.220,2026-04-05_13-15-50.772