,subject,trial,object,colors,scenes,object_appear,feature_disappear
0,333,1,towel,yellow,kitchen,2026-05-04_22-22-23.578,2026-05-04_22-22-26.591
1,333,2,man,red,living_room,2026-05-04_22-22-30.634,2026-05-04_22-22-33.647
2,333,3,shirt,green,living_room,2026-05-04_22-22-37.935,2026-05-04_22-22-40.948
3,333,4,shoe,yellow,bathroom,2026-05-04_22-22-44.439,2026-05-04_22-22-47.452
4,333,5,flower pot,green,bathroom,2026-05-04_22-22-51.183,2026-05-04_22-22-54.196
5,333,6,trash can,green,living_room,2026-05-04_22-22-57.897,2026-05-04_22-23-00.911
6,333,7,wallet,red,kitchen,2026-05-04_22-23-04.912,2026-05-04_22-23-07.925
7,333,8,sprey,red,bathroom,2026-05-04_22-23-11.451,2026-05-04_22-23-14.464
8,333,9,tie,yellow,kitchen,2026-05-04_22-23-17.720,2026-05-04_22-23-20.733
